"provincia","prod_gas"
"Santa Cruz","0.753"
"Santa Cruz","1.1"
"Santa Cruz","2.24"
"Santa Cruz","2.44"
"Santa Cruz","3.08"
"Santa Cruz","3.27"
"Santa Cruz","3.48"
"Santa Cruz","3.53"
"Santa Cruz","13.988"
"Santa Cruz","15.557"
"Santa Cruz","21.547"
"Santa Cruz","25.010"
"Santa Cruz","29.54662"
"Santa Cruz","34.178"
"Santa Cruz","35.283"
"Santa Cruz","36.194"
"Santa Cruz","36.563"
"Santa Cruz","36.707"
"Santa Cruz","38.007"
"Santa Cruz","38.306"
"Santa Cruz","38.443"
"Santa Cruz","39.930"
"Santa Cruz","41.490"
"Santa Cruz","41.532"
"Santa Cruz","44.020"
"Santa Cruz","44.106"
"Santa Cruz","44.702"
"Santa Cruz","46.383"
"Santa Cruz","46.706"
"Santa Cruz","47.382"
"Santa Cruz","48.750"
"Santa Cruz","49.611"
"Santa Cruz","49.724"
"Santa Cruz","50.147"
"Santa Cruz","50.416"
"Santa Cruz","50.448"
"Santa Cruz","50.621"
"Santa Cruz","50.963"
"Santa Cruz","51.018"
"Santa Cruz","52.793"
"Santa Cruz","53.809"
"Santa Cruz","54.512"
"Santa Cruz","55.906"
"Santa Cruz","55.966"
"Santa Cruz","56.413"
"Santa Cruz","57.107"
"Santa Cruz","57.702"
"Santa Cruz","57.804"
"Santa Cruz","58.289"
"Santa Cruz","58.518"
"Santa Cruz","58.613"
"Santa Cruz","58.966"
"Santa Cruz","59.126"
"Santa Cruz","59.530"
"Santa Cruz","60.075"
"Santa Cruz","60.612"
"Santa Cruz","60.885"
"Santa Cruz","61.979"
"Santa Cruz","62.997"
"Santa Cruz","63.337"
"Santa Cruz","63.968"
"Santa Cruz","64.244"
"Santa Cruz","64.253"
"Santa Cruz","64.258"
"Santa Cruz","64.323"
"Santa Cruz","64.483"
"Santa Cruz","64.511"
"Santa Cruz","64.580"
"Santa Cruz","64.593"
"Santa Cruz","64.840"
"Santa Cruz","66.241"
"Santa Cruz","66.784"
"Santa Cruz","66.917"
"Santa Cruz","68.179"
"Santa Cruz","68.448"
"Santa Cruz","68.492"
"Santa Cruz","69.036"
"Santa Cruz","69.098"
"Santa Cruz","69.824"
"Santa Cruz","71.284"
"Santa Cruz","72.351"
"Santa Cruz","72.642"
"Santa Cruz","72.903"
"Santa Cruz","74.085"
"Santa Cruz","74.134"
"Santa Cruz","74.492"
"Santa Cruz","75.585"
"Santa Cruz","75.673"
"Santa Cruz","75.992"
"Santa Cruz","76.020"
"Santa Cruz","76.260"
"Santa Cruz","76.56246"
"Santa Cruz","76.671"
"Santa Cruz","77.066"
"Santa Cruz","77.093"
"Santa Cruz","77.369"
"Santa Cruz","77.781"
"Santa Cruz","77.81202"
"Santa Cruz","77.822"
"Santa Cruz","77.825"
"Santa Cruz","77.915"
"Santa Cruz","78.038"
"Santa Cruz","78.600"
"Santa Cruz","78.960"
"Santa Cruz","79.026"
"Santa Cruz","80.411"
"Santa Cruz","80.991"
"Santa Cruz","81.034"
"Santa Cruz","81.580"
"Santa Cruz","81.798"
"Santa Cruz","82.002"
"Santa Cruz","82.590"
"Santa Cruz","82.72628"
"Santa Cruz","82.731"
"Santa Cruz","82.953"
"Santa Cruz","83.741"
"Santa Cruz","83.928"
"Santa Cruz","84.132"
"Santa Cruz","84.231"
"Santa Cruz","84.248"
"Santa Cruz","84.960"
"Santa Cruz","85.636"
"Santa Cruz","85.830"
"Santa Cruz","86.058"
"Santa Cruz","87.290"
"Santa Cruz","87.638"
"Santa Cruz","87.928"
"Santa Cruz","88.393"
"Santa Cruz","89.840"
"Santa Cruz","90.491"
"Santa Cruz","91.873"
"Santa Cruz","92.128"
"Santa Cruz","92.621"
"Santa Cruz","92.866"
"Santa Cruz","93.225"
"Santa Cruz","93.571"
"Santa Cruz","94.504"
"Santa Cruz","94.887"
"Santa Cruz","95.059"
"Santa Cruz","95.252"
"Santa Cruz","95.508"
"Santa Cruz","96.060"
"Santa Cruz","96.159"
"Santa Cruz","96.315"
"Santa Cruz","96.874"
"Santa Cruz","97.338"
"Santa Cruz","98.606"
"Santa Cruz","98.830"
"Santa Cruz","99.378"
"Santa Cruz","99.699"
"Santa Cruz","100.137"
"Santa Cruz","100.169"
"Santa Cruz","100.328"
"Santa Cruz","100.344"
"Santa Cruz","100.882"
"Santa Cruz","101.279"
"Santa Cruz","101.603"
"Santa Cruz","102.509"
"Santa Cruz","102.529"
"Santa Cruz","102.746"
"Santa Cruz","102.785"
"Santa Cruz","102.925"
"Santa Cruz","102.975"
"Santa Cruz","103.037"
"Santa Cruz","103.576"
"Santa Cruz","105.648"
"Santa Cruz","106.301"
"Santa Cruz","106.447"
"Santa Cruz","106.594"
"Santa Cruz","108.143"
"Santa Cruz","108.148"
"Santa Cruz","109.501"
"Santa Cruz","109.961"
"Santa Cruz","111.330"
"Santa Cruz","111.928"
"Santa Cruz","112.5498"
"Santa Cruz","113.336"
"Santa Cruz","113.599"
"Santa Cruz","114.579"
"Santa Cruz","114.815"
"Santa Cruz","114.989"
"Santa Cruz","115.025"
"Santa Cruz","115.741"
"Santa Cruz","116.608"
"Santa Cruz","117.488"
"Santa Cruz","117.665"
"Santa Cruz","118.184"
"Santa Cruz","118.329"
"Santa Cruz","118.331"
"Santa Cruz","118.702"
"Santa Cruz","118.886"
"Santa Cruz","118.894"
"Santa Cruz","120.200"
"Santa Cruz","120.314"
"Santa Cruz","122.493"
"Santa Cruz","122.888"
"Santa Cruz","122.974"
"Santa Cruz","123.396"
"Santa Cruz","124.230"
"Santa Cruz","124.7071"
"Santa Cruz","125.004"
"Santa Cruz","127.114"
"Santa Cruz","127.857"
"Santa Cruz","127.922"
"Santa Cruz","128.356"
"Santa Cruz","129.206"
"Santa Cruz","129.258"
"Santa Cruz","130.288"
"Santa Cruz","130.463"
"Santa Cruz","131.733"
"Santa Cruz","132.032"
"Santa Cruz","132.197"
"Santa Cruz","132.576"
"Santa Cruz","132.7512"
"Santa Cruz","133.1046"
"Santa Cruz","133.597"
"Santa Cruz","133.713"
"Santa Cruz","133.857"
"Santa Cruz","133.877"
"Santa Cruz","134.030"
"Santa Cruz","134.225"
"Santa Cruz","134.654"
"Santa Cruz","135.267"
"Santa Cruz","136.1179"
"Santa Cruz","136.139"
"Santa Cruz","136.970"
"Santa Cruz","137.070"
"Santa Cruz","137.071"
"Santa Cruz","137.155"
"Santa Cruz","137.231"
"Santa Cruz","138.069"
"Santa Cruz","138.235"
"Santa Cruz","138.238"
"Santa Cruz","138.875"
"Santa Cruz","139.328"
"Santa Cruz","140.205"
"Santa Cruz","141.325"
"Santa Cruz","141.378"
"Santa Cruz","141.791"
"Santa Cruz","141.822"
"Santa Cruz","141.974"
"Santa Cruz","142.901"
"Santa Cruz","142.962"
"Santa Cruz","143.629"
"Santa Cruz","143.821"
"Santa Cruz","143.928"
"Santa Cruz","145.222"
"Santa Cruz","145.285"
"Santa Cruz","145.614"
"Santa Cruz","145.738"
"Santa Cruz","146.207"
"Santa Cruz","146.708"
"Santa Cruz","146.714"
"Santa Cruz","146.829"
"Santa Cruz","146.869"
"Santa Cruz","148.762"
"Santa Cruz","149.309"
"Santa Cruz","149.644"
"Santa Cruz","149.653"
"Santa Cruz","150.516"
"Santa Cruz","151.028"
"Santa Cruz","151.763"
"Santa Cruz","151.885"
"Santa Cruz","152.017"
"Santa Cruz","152.751"
"Santa Cruz","152.873"
"Santa Cruz","152.892"
"Santa Cruz","152.912"
"Santa Cruz","153.052"
"Santa Cruz","153.503"
"Santa Cruz","154.253"
"Santa Cruz","154.960"
"Santa Cruz","155.081"
"Santa Cruz","155.090"
"Santa Cruz","155.144"
"Santa Cruz","155.364"
"Santa Cruz","155.663"
"Santa Cruz","156.052"
"Santa Cruz","156.152"
"Santa Cruz","156.255"
"Santa Cruz","156.365"
"Santa Cruz","157.539"
"Santa Cruz","157.699"
"Santa Cruz","158.215"
"Santa Cruz","158.267"
"Santa Cruz","158.419"
"Santa Cruz","158.764"
"Santa Cruz","158.780"
"Santa Cruz","158.795"
"Santa Cruz","158.802"
"Santa Cruz","159.672"
"Santa Cruz","161.052"
"Santa Cruz","161.089"
"Santa Cruz","161.099"
"Santa Cruz","161.337"
"Santa Cruz","161.6220"
"Santa Cruz","161.911"
"Santa Cruz","162.003"
"Santa Cruz","162.065"
"Santa Cruz","162.506"
"Santa Cruz","162.579"
"Santa Cruz","162.925"
"Santa Cruz","163.2253"
"Santa Cruz","163.260"
"Santa Cruz","163.470"
"Santa Cruz","163.926"
"Santa Cruz","164.224"
"Santa Cruz","164.434"
"Santa Cruz","164.453"
"Santa Cruz","164.829"
"Santa Cruz","165.090"
"Santa Cruz","165.775"
"Santa Cruz","165.803"
"Santa Cruz","166.270"
"Santa Cruz","166.674"
"Santa Cruz","166.830"
"Santa Cruz","166.835"
"Santa Cruz","167.027"
"Santa Cruz","167.042"
"Santa Cruz","167.273"
"Santa Cruz","167.397"
"Santa Cruz","167.460"
"Santa Cruz","167.549"
"Santa Cruz","167.598"
"Santa Cruz","167.668"
"Santa Cruz","167.768"
"Santa Cruz","168.068"
"Santa Cruz","168.262"
"Santa Cruz","168.429"
"Santa Cruz","168.712"
"Santa Cruz","169.112"
"Santa Cruz","169.345"
"Santa Cruz","169.6686"
"Santa Cruz","169.803"
"Santa Cruz","170.172"
"Santa Cruz","171.136"
"Santa Cruz","171.569"
"Santa Cruz","171.791"
"Santa Cruz","171.811"
"Santa Cruz","171.9183"
"Santa Cruz","171.991"
"Santa Cruz","172.086"
"Santa Cruz","172.202"
"Santa Cruz","172.529"
"Santa Cruz","172.8986"
"Santa Cruz","173.114"
"Santa Cruz","173.135"
"Santa Cruz","173.437"
"Santa Cruz","173.598"
"Santa Cruz","174.038"
"Santa Cruz","174.089"
"Santa Cruz","174.471"
"Santa Cruz","174.503"
"Santa Cruz","174.545"
"Santa Cruz","174.564"
"Santa Cruz","174.575"
"Santa Cruz","174.810"
"Santa Cruz","174.951"
"Santa Cruz","175.090"
"Santa Cruz","175.243"
"Santa Cruz","175.783"
"Santa Cruz","175.794"
"Santa Cruz","176.608"
"Santa Cruz","176.611"
"Santa Cruz","176.622"
"Santa Cruz","177.006"
"Santa Cruz","177.153"
"Santa Cruz","177.408"
"Santa Cruz","177.450"
"Santa Cruz","177.611"
"Santa Cruz","177.712"
"Santa Cruz","178.585"
"Santa Cruz","178.961"
"Santa Cruz","179.577"
"Santa Cruz","179.686"
"Santa Cruz","179.780"
"Santa Cruz","180.172"
"Santa Cruz","180.515"
"Santa Cruz","180.686"
"Santa Cruz","180.755"
"Santa Cruz","180.928"
"Santa Cruz","181.090"
"Santa Cruz","181.827"
"Santa Cruz","182.108"
"Santa Cruz","182.529"
"Santa Cruz","183.228"
"Santa Cruz","183.367"
"Santa Cruz","183.649"
"Santa Cruz","183.726"
"Santa Cruz","183.728"
"Santa Cruz","183.930"
"Santa Cruz","184.488"
"Santa Cruz","184.600"
"Santa Cruz","184.718"
"Santa Cruz","184.850"
"Santa Cruz","185.659"
"Santa Cruz","186.2100"
"Santa Cruz","186.220"
"Santa Cruz","186.277"
"Santa Cruz","186.621"
"Santa Cruz","187.286"
"Santa Cruz","187.424"
"Santa Cruz","187.728"
"Santa Cruz","188.039"
"Santa Cruz","188.098"
"Santa Cruz","188.802"
"Santa Cruz","188.933"
"Santa Cruz","188.979"
"Santa Cruz","189.434"
"Santa Cruz","189.532"
"Santa Cruz","189.720"
"Santa Cruz","190.013"
"Santa Cruz","190.084"
"Santa Cruz","190.153"
"Santa Cruz","190.805"
"Santa Cruz","191.295"
"Santa Cruz","191.925"
"Santa Cruz","192.125"
"Santa Cruz","192.144"
"Santa Cruz","192.315"
"Santa Cruz","192.906"
"Santa Cruz","193.021"
"Santa Cruz","193.519"
"Santa Cruz","193.817"
"Santa Cruz","194.090"
"Santa Cruz","194.181"
"Santa Cruz","194.228"
"Santa Cruz","194.282"
"Santa Cruz","194.678"
"Santa Cruz","195.057"
"Santa Cruz","195.497"
"Santa Cruz","195.568"
"Santa Cruz","196.042"
"Santa Cruz","196.078"
"Santa Cruz","197.014"
"Santa Cruz","197.803"
"Santa Cruz","198.062"
"Santa Cruz","198.092"
"Santa Cruz","198.2588"
"Santa Cruz","198.276"
"Santa Cruz","198.628"
"Santa Cruz","199.395"
"Santa Cruz","199.402"
"Santa Cruz","200.467"
"Santa Cruz","200.714"
"Santa Cruz","201.176"
"Santa Cruz","201.263"
"Santa Cruz","201.510"
"Santa Cruz","201.734"
"Santa Cruz","202.082"
"Santa Cruz","202.358"
"Santa Cruz","202.905"
"Santa Cruz","203.175"
"Santa Cruz","203.661"
"Santa Cruz","204.209"
"Santa Cruz","204.368"
"Santa Cruz","204.383"
"Santa Cruz","204.535"
"Santa Cruz","204.640"
"Santa Cruz","204.654"
"Santa Cruz","204.771"
"Santa Cruz","205.215"
"Santa Cruz","205.303"
"Santa Cruz","206.165"
"Santa Cruz","206.345"
"Santa Cruz","206.713"
"Santa Cruz","206.730"
"Santa Cruz","207.456"
"Santa Cruz","207.577"
"Santa Cruz","207.877"
"Santa Cruz","207.916"
"Santa Cruz","208.119"
"Santa Cruz","208.464"
"Santa Cruz","208.669"
"Santa Cruz","208.683"
"Santa Cruz","208.956"
"Santa Cruz","208.994"
"Santa Cruz","209.210"
"Santa Cruz","209.962"
"Santa Cruz","209.987"
"Santa Cruz","210.365"
"Santa Cruz","210.886"
"Santa Cruz","210.968"
"Santa Cruz","211.240"
"Santa Cruz","211.884"
"Santa Cruz","212.571"
"Santa Cruz","212.572"
"Santa Cruz","212.836"
"Santa Cruz","213.2518"
"Santa Cruz","213.434"
"Santa Cruz","213.590"
"Santa Cruz","213.884"
"Santa Cruz","214.069"
"Santa Cruz","214.1221"
"Santa Cruz","214.675"
"Santa Cruz","214.834"
"Santa Cruz","215.700"
"Santa Cruz","215.960"
"Santa Cruz","216.693"
"Santa Cruz","217.032"
"Santa Cruz","217.119"
"Santa Cruz","217.378"
"Santa Cruz","217.415"
"Santa Cruz","217.474"
"Santa Cruz","217.608"
"Santa Cruz","217.789"
"Santa Cruz","218.023"
"Santa Cruz","218.888"
"Santa Cruz","219.437"
"Santa Cruz","219.589"
"Santa Cruz","219.603"
"Santa Cruz","219.627"
"Santa Cruz","219.677"
"Santa Cruz","220.037"
"Santa Cruz","220.604"
"Santa Cruz","220.676"
"Santa Cruz","220.870"
"Santa Cruz","221.764"
"Santa Cruz","222.608"
"Santa Cruz","222.634"
"Santa Cruz","222.936"
"Santa Cruz","222.998"
"Santa Cruz","223.113"
"Santa Cruz","223.169"
"Santa Cruz","223.312"
"Santa Cruz","223.364"
"Santa Cruz","223.813"
"Santa Cruz","224.066"
"Santa Cruz","224.255"
"Santa Cruz","224.5747"
"Santa Cruz","224.715"
"Santa Cruz","224.871"
"Santa Cruz","225.213"
"Santa Cruz","225.343"
"Santa Cruz","225.4899"
"Santa Cruz","225.492"
"Santa Cruz","225.630"
"Santa Cruz","225.8334"
"Santa Cruz","225.887"
"Santa Cruz","225.931"
"Santa Cruz","226.018"
"Santa Cruz","226.106"
"Santa Cruz","226.508"
"Santa Cruz","226.784"
"Santa Cruz","227.044"
"Santa Cruz","227.085"
"Santa Cruz","227.999"
"Santa Cruz","228.735"
"Santa Cruz","228.865"
"Santa Cruz","229.303"
"Santa Cruz","230.109"
"Santa Cruz","230.247"
"Santa Cruz","230.356"
"Santa Cruz","230.657"
"Santa Cruz","230.9492"
"Santa Cruz","230.951"
"Santa Cruz","230.988"
"Santa Cruz","231.213"
"Santa Cruz","232.206"
"Santa Cruz","232.394"
"Santa Cruz","232.561"
"Santa Cruz","232.619"
"Santa Cruz","232.774"
"Santa Cruz","233.075"
"Santa Cruz","233.268"
"Santa Cruz","233.291"
"Santa Cruz","233.418"
"Santa Cruz","233.496"
"Santa Cruz","234.281"
"Santa Cruz","234.337"
"Santa Cruz","234.602"
"Santa Cruz","234.646"
"Santa Cruz","234.806"
"Santa Cruz","235.087"
"Santa Cruz","235.358"
"Santa Cruz","235.522"
"Santa Cruz","235.580"
"Santa Cruz","235.866"
"Santa Cruz","236.283"
"Santa Cruz","237.385"
"Santa Cruz","237.472"
"Santa Cruz","237.658"
"Santa Cruz","237.689"
"Santa Cruz","237.931"
"Santa Cruz","238.259"
"Santa Cruz","238.930"
"Santa Cruz","239.633"
"Santa Cruz","239.923"
"Santa Cruz","240.371"
"Santa Cruz","240.547"
"Santa Cruz","240.646"
"Santa Cruz","241.203"
"Santa Cruz","241.849"
"Santa Cruz","242.105"
"Santa Cruz","242.206"
"Santa Cruz","242.473"
"Santa Cruz","242.679"
"Santa Cruz","243.265"
"Santa Cruz","244.900"
"Santa Cruz","245.716"
"Santa Cruz","246.052"
"Santa Cruz","246.053"
"Santa Cruz","246.718"
"Santa Cruz","246.868"
"Santa Cruz","247.208"
"Santa Cruz","247.577"
"Santa Cruz","247.786"
"Santa Cruz","248.367"
"Santa Cruz","248.622"
"Santa Cruz","248.689"
"Santa Cruz","248.765"
"Santa Cruz","248.877"
"Santa Cruz","249.759"
"Santa Cruz","249.881"
"Santa Cruz","250.086"
"Santa Cruz","250.476"
"Santa Cruz","251.002"
"Santa Cruz","251.898"
"Santa Cruz","252.152"
"Santa Cruz","252.550"
"Santa Cruz","252.853"
"Santa Cruz","253.861"
"Santa Cruz","254.055"
"Santa Cruz","254.622"
"Santa Cruz","254.696"
"Santa Cruz","255.072"
"Santa Cruz","256.076"
"Santa Cruz","256.732"
"Santa Cruz","256.789"
"Santa Cruz","257.158"
"Santa Cruz","257.622"
"Santa Cruz","257.661"
"Santa Cruz","257.691"
"Santa Cruz","258.834"
"Santa Cruz","259.231"
"Santa Cruz","259.499"
"Santa Cruz","259.538"
"Santa Cruz","259.706"
"Santa Cruz","259.768"
"Santa Cruz","260.597"
"Santa Cruz","261.215"
"Santa Cruz","261.682"
"Santa Cruz","262.088"
"Santa Cruz","262.125"
"Santa Cruz","262.515"
"Santa Cruz","263.232"
"Santa Cruz","263.774"
"Santa Cruz","263.959"
"Santa Cruz","264.018"
"Santa Cruz","264.473"
"Santa Cruz","264.637"
"Santa Cruz","265.006"
"Santa Cruz","265.037"
"Santa Cruz","265.202"
"Santa Cruz","265.282"
"Santa Cruz","265.841"
"Santa Cruz","266.295"
"Santa Cruz","266.424"
"Santa Cruz","266.894"
"Santa Cruz","266.991"
"Santa Cruz","267.488"
"Santa Cruz","267.500"
"Santa Cruz","268.461"
"Santa Cruz","268.469"
"Santa Cruz","269.005"
"Santa Cruz","269.145"
"Santa Cruz","269.378"
"Santa Cruz","269.469"
"Santa Cruz","270.397"
"Santa Cruz","271.129"
"Santa Cruz","271.181"
"Santa Cruz","271.561"
"Santa Cruz","273.127"
"Santa Cruz","273.5572"
"Santa Cruz","273.794"
"Santa Cruz","275.606"
"Santa Cruz","276.077"
"Santa Cruz","276.163"
"Santa Cruz","276.361"
"Santa Cruz","276.919"
"Santa Cruz","276.955"
"Santa Cruz","277.221"
"Santa Cruz","277.241"
"Santa Cruz","277.767"
"Santa Cruz","278.204"
"Santa Cruz","278.598"
"Santa Cruz","278.836"
"Santa Cruz","279.603"
"Santa Cruz","279.963"
"Santa Cruz","280.117"
"Santa Cruz","280.182"
"Santa Cruz","280.285"
"Santa Cruz","280.967"
"Santa Cruz","280.996"
"Santa Cruz","281.159"
"Santa Cruz","281.368"
"Santa Cruz","281.468"
"Santa Cruz","281.640"
"Santa Cruz","282.109"
"Santa Cruz","282.361"
"Santa Cruz","282.524"
"Santa Cruz","282.552"
"Santa Cruz","282.912"
"Santa Cruz","283.123"
"Santa Cruz","283.223"
"Santa Cruz","284.325"
"Santa Cruz","285.174"
"Santa Cruz","285.194"
"Santa Cruz","285.401"
"Santa Cruz","285.622"
"Santa Cruz","286.380"
"Santa Cruz","287.451"
"Santa Cruz","288.333"
"Santa Cruz","289.270"
"Santa Cruz","290.218"
"Santa Cruz","290.414"
"Santa Cruz","290.746"
"Santa Cruz","291.258"
"Santa Cruz","292.035"
"Santa Cruz","292.071"
"Santa Cruz","292.152"
"Santa Cruz","292.444"
"Santa Cruz","292.757"
"Santa Cruz","292.767"
"Santa Cruz","292.880"
"Santa Cruz","292.922"
"Santa Cruz","293.024"
"Santa Cruz","293.697"
"Santa Cruz","295.533"
"Santa Cruz","296.985"
"Santa Cruz","297.226"
"Santa Cruz","298.717"
"Santa Cruz","301.197"
"Santa Cruz","303.127"
"Santa Cruz","303.455"
"Santa Cruz","305.424"
"Santa Cruz","305.815"
"Santa Cruz","305.934"
"Santa Cruz","306.027"
"Santa Cruz","306.285"
"Santa Cruz","306.355"
"Santa Cruz","307.710"
"Santa Cruz","308.552"
"Santa Cruz","308.869"
"Santa Cruz","309.607"
"Santa Cruz","309.846"
"Santa Cruz","310.020"
"Santa Cruz","310.193"
"Santa Cruz","310.379"
"Santa Cruz","310.457"
"Santa Cruz","310.582"
"Santa Cruz","311.211"
"Santa Cruz","311.569"
"Santa Cruz","311.675"
"Santa Cruz","312.087"
"Santa Cruz","313.457"
"Santa Cruz","313.616"
"Santa Cruz","315.656"
"Santa Cruz","317.702"
"Santa Cruz","317.775"
"Santa Cruz","318.484"
"Santa Cruz","319.018"
"Santa Cruz","319.429"
"Santa Cruz","319.806"
"Santa Cruz","320.318"
"Santa Cruz","321.097"
"Santa Cruz","321.471"
"Santa Cruz","321.544"
"Santa Cruz","322.190"
"Santa Cruz","323.108"
"Santa Cruz","323.664"
"Santa Cruz","323.878"
"Santa Cruz","324.236"
"Santa Cruz","324.542"
"Santa Cruz","324.827"
"Santa Cruz","324.842"
"Santa Cruz","324.959"
"Santa Cruz","325.145"
"Santa Cruz","326.877"
"Santa Cruz","327.231"
"Santa Cruz","329.189"
"Santa Cruz","329.437"
"Santa Cruz","329.716"
"Santa Cruz","329.798"
"Santa Cruz","330.654"
"Santa Cruz","331.947"
"Santa Cruz","332.194"
"Santa Cruz","332.584"
"Santa Cruz","332.613"
"Santa Cruz","333.103"
"Santa Cruz","333.897"
"Santa Cruz","334.889"
"Santa Cruz","335.073"
"Santa Cruz","335.105"
"Santa Cruz","336.244"
"Santa Cruz","337.110"
"Santa Cruz","337.690"
"Santa Cruz","337.949"
"Santa Cruz","338.085"
"Santa Cruz","338.944"
"Santa Cruz","339.064"
"Santa Cruz","339.533"
"Santa Cruz","340.109"
"Santa Cruz","340.788"
"Santa Cruz","341.065"
"Santa Cruz","341.286"
"Santa Cruz","341.389"
"Santa Cruz","342.127"
"Santa Cruz","342.957"
"Santa Cruz","343.264"
"Santa Cruz","344.429"
"Santa Cruz","345.146"
"Santa Cruz","345.537"
"Santa Cruz","345.787"
"Santa Cruz","346.425"
"Santa Cruz","346.569"
"Santa Cruz","346.903"
"Santa Cruz","346.953"
"Santa Cruz","347.434"
"Santa Cruz","347.639"
"Santa Cruz","348.609"
"Santa Cruz","349.158"
"Santa Cruz","349.573"
"Santa Cruz","349.704"
"Santa Cruz","351.257"
"Santa Cruz","351.280"
"Santa Cruz","351.291"
"Santa Cruz","351.361"
"Santa Cruz","351.613"
"Santa Cruz","352.563"
"Santa Cruz","352.576"
"Santa Cruz","352.626"
"Santa Cruz","352.722"
"Santa Cruz","352.922"
"Santa Cruz","354.483"
"Santa Cruz","354.538"
"Santa Cruz","355.503"
"Santa Cruz","355.720"
"Santa Cruz","358.301"
"Santa Cruz","358.504"
"Santa Cruz","358.599"
"Santa Cruz","359.093"
"Santa Cruz","359.167"
"Santa Cruz","359.820"
"Santa Cruz","359.945"
"Santa Cruz","360.055"
"Santa Cruz","360.079"
"Santa Cruz","360.380"
"Santa Cruz","360.9306"
"Santa Cruz","360.942"
"Santa Cruz","362.042"
"Santa Cruz","363.385"
"Santa Cruz","363.906"
"Santa Cruz","364.062"
"Santa Cruz","365.523"
"Santa Cruz","365.749"
"Santa Cruz","366.205"
"Santa Cruz","366.880"
"Santa Cruz","367.756"
"Santa Cruz","367.827"
"Santa Cruz","368.649"
"Santa Cruz","369.353"
"Santa Cruz","369.672"
"Santa Cruz","370.057"
"Santa Cruz","370.970"
"Santa Cruz","371.400"
"Santa Cruz","372.331"
"Santa Cruz","373.043"
"Santa Cruz","374.454"
"Santa Cruz","374.757"
"Santa Cruz","374.981"
"Santa Cruz","375.176"
"Santa Cruz","375.265"
"Santa Cruz","375.390"
"Santa Cruz","376.842"
"Santa Cruz","377.347"
"Santa Cruz","377.413"
"Santa Cruz","377.516"
"Santa Cruz","377.809"
"Santa Cruz","378.332"
"Santa Cruz","378.567"
"Santa Cruz","378.606"
"Santa Cruz","378.804"
"Santa Cruz","379.104"
"Santa Cruz","379.984"
"Santa Cruz","380.635"
"Santa Cruz","380.804"
"Santa Cruz","380.874"
"Santa Cruz","381.095"
"Santa Cruz","381.688"
"Santa Cruz","381.806"
"Santa Cruz","382.370"
"Santa Cruz","382.405"
"Santa Cruz","382.909"
"Santa Cruz","383.013"
"Santa Cruz","383.470"
"Santa Cruz","384.618"
"Santa Cruz","384.964"
"Santa Cruz","385.185"
"Santa Cruz","385.975"
"Santa Cruz","386.978"
"Santa Cruz","388.514"
"Santa Cruz","390.332"
"Santa Cruz","390.930"
"Santa Cruz","391.186"
"Santa Cruz","391.374"
"Santa Cruz","391.459"
"Santa Cruz","391.574"
"Santa Cruz","392.526"
"Santa Cruz","392.767"
"Santa Cruz","393.719"
"Santa Cruz","393.762"
"Santa Cruz","394.560"
"Santa Cruz","394.830"
"Santa Cruz","395.036"
"Santa Cruz","395.046"
"Santa Cruz","395.225"
"Santa Cruz","395.242"
"Santa Cruz","396.870"
"Santa Cruz","397.244"
"Santa Cruz","397.734"
"Santa Cruz","399.142"
"Santa Cruz","399.206"
"Santa Cruz","399.257"
"Santa Cruz","399.655"
"Santa Cruz","400.337"
"Santa Cruz","400.382"
"Santa Cruz","400.509"
"Santa Cruz","400.856"
"Santa Cruz","401.217"
"Santa Cruz","401.946"
"Santa Cruz","402.366"
"Santa Cruz","402.470"
"Santa Cruz","403.436"
"Santa Cruz","403.770"
"Santa Cruz","404.772"
"Santa Cruz","406.166"
"Santa Cruz","406.177"
"Santa Cruz","406.523"
"Santa Cruz","407.263"
"Santa Cruz","407.585"
"Santa Cruz","408.112"
"Santa Cruz","408.172"
"Santa Cruz","408.307"
"Santa Cruz","408.404"
"Santa Cruz","409.653"
"Santa Cruz","409.720"
"Santa Cruz","409.753"
"Santa Cruz","410.578"
"Santa Cruz","410.953"
"Santa Cruz","411.244"
"Santa Cruz","411.450"
"Santa Cruz","411.818"
"Santa Cruz","412.742"
"Santa Cruz","414.306"
"Santa Cruz","414.678"
"Santa Cruz","415.796"
"Santa Cruz","416.201"
"Santa Cruz","416.637"
"Santa Cruz","416.893"
"Santa Cruz","417.403"
"Santa Cruz","417.832"
"Santa Cruz","418.361"
"Santa Cruz","419.122"
"Santa Cruz","419.143"
"Santa Cruz","420.147"
"Santa Cruz","420.537"
"Santa Cruz","421.497"
"Santa Cruz","423.550"
"Santa Cruz","423.715"
"Santa Cruz","424.883"
"Santa Cruz","425.803"
"Santa Cruz","426.070"
"Santa Cruz","426.442"
"Santa Cruz","428.134"
"Santa Cruz","429.320"
"Santa Cruz","429.566"
"Santa Cruz","430.353"
"Santa Cruz","430.705"
"Santa Cruz","430.798"
"Santa Cruz","431.439"
"Santa Cruz","431.485"
"Santa Cruz","432.214"
"Santa Cruz","432.294"
"Santa Cruz","432.755"
"Santa Cruz","433.616"
"Santa Cruz","434.013"
"Santa Cruz","434.395"
"Santa Cruz","435.141"
"Santa Cruz","435.921"
"Santa Cruz","436.033"
"Santa Cruz","437.049"
"Santa Cruz","437.156"
"Santa Cruz","437.621"
"Santa Cruz","437.956"
"Santa Cruz","438.320"
"Santa Cruz","438.640"
"Santa Cruz","438.927"
"Santa Cruz","439.257"
"Santa Cruz","439.462"
"Santa Cruz","439.510"
"Santa Cruz","439.528"
"Santa Cruz","440.396"
"Santa Cruz","441.4916"
"Santa Cruz","443.092"
"Santa Cruz","443.539"
"Santa Cruz","443.640"
"Santa Cruz","444.518"
"Santa Cruz","444.699"
"Santa Cruz","445.154"
"Santa Cruz","445.459"
"Santa Cruz","447.908"
"Santa Cruz","448.264"
"Santa Cruz","448.398"
"Santa Cruz","448.403"
"Santa Cruz","449.893"
"Santa Cruz","450.514"
"Santa Cruz","450.530"
"Santa Cruz","450.703"
"Santa Cruz","451.259"
"Santa Cruz","451.326"
"Santa Cruz","451.706"
"Santa Cruz","451.803"
"Santa Cruz","451.841"
"Santa Cruz","452.075"
"Santa Cruz","452.128"
"Santa Cruz","452.177"
"Santa Cruz","453.791"
"Santa Cruz","454.934"
"Santa Cruz","455.078"
"Santa Cruz","455.496"
"Santa Cruz","457.979"
"Santa Cruz","457.980"
"Santa Cruz","458.272"
"Santa Cruz","458.715"
"Santa Cruz","459.560"
"Santa Cruz","459.648"
"Santa Cruz","459.888"
"Santa Cruz","461.601"
"Santa Cruz","461.675"
"Santa Cruz","462.847"
"Santa Cruz","463.962"
"Santa Cruz","464.290"
"Santa Cruz","466.045"
"Santa Cruz","466.363"
"Santa Cruz","466.521"
"Santa Cruz","467.711"
"Santa Cruz","468.499"
"Santa Cruz","469.512"
"Santa Cruz","470.362"
"Santa Cruz","471.084"
"Santa Cruz","471.769"
"Santa Cruz","471.955"
"Santa Cruz","472.190"
"Santa Cruz","472.911"
"Santa Cruz","472.916"
"Santa Cruz","473.188"
"Santa Cruz","473.333"
"Santa Cruz","473.775"
"Santa Cruz","473.998"
"Santa Cruz","474.161"
"Santa Cruz","474.586"
"Santa Cruz","476.705"
"Santa Cruz","477.597"
"Santa Cruz","477.683"
"Santa Cruz","478.245"
"Santa Cruz","478.290"
"Santa Cruz","480.523"
"Santa Cruz","480.603"
"Santa Cruz","480.933"
"Santa Cruz","481.088"
"Santa Cruz","481.934"
"Santa Cruz","485.905"
"Santa Cruz","486.6163"
"Santa Cruz","489.274"
"Santa Cruz","490.220"
"Santa Cruz","491.666"
"Santa Cruz","491.959"
"Santa Cruz","492.021"
"Santa Cruz","493.696"
"Santa Cruz","493.989"
"Santa Cruz","494.137"
"Santa Cruz","495.244"
"Santa Cruz","495.419"
"Santa Cruz","497.427"
"Santa Cruz","498.468"
"Santa Cruz","500.214"
"Santa Cruz","501.038"
"Santa Cruz","502.290"
"Santa Cruz","502.846"
"Santa Cruz","504.424"
"Santa Cruz","504.490"
"Santa Cruz","505.548"
"Santa Cruz","506.699"
"Santa Cruz","506.837"
"Santa Cruz","506.968"
"Santa Cruz","507.185"
"Santa Cruz","507.243"
"Santa Cruz","508.797"
"Santa Cruz","509.149"
"Santa Cruz","510.018"
"Santa Cruz","510.110"
"Santa Cruz","510.137"
"Santa Cruz","510.785"
"Santa Cruz","512.176"
"Santa Cruz","512.905"
"Santa Cruz","514.821"
"Santa Cruz","515.159"
"Santa Cruz","515.274"
"Santa Cruz","515.537"
"Santa Cruz","515.962"
"Santa Cruz","517.395"
"Santa Cruz","517.534"
"Santa Cruz","519.586"
"Santa Cruz","521.728"
"Santa Cruz","525.833"
"Santa Cruz","526.332"
"Santa Cruz","526.758"
"Santa Cruz","526.846"
"Santa Cruz","528.306"
"Santa Cruz","528.529"
"Santa Cruz","528.797"
"Santa Cruz","529.625"
"Santa Cruz","530.351"
"Santa Cruz","530.370"
"Santa Cruz","530.482"
"Santa Cruz","530.564"
"Santa Cruz","531.592"
"Santa Cruz","532.623"
"Santa Cruz","534.169"
"Santa Cruz","534.398"
"Santa Cruz","535.195"
"Santa Cruz","536.845"
"Santa Cruz","538.985"
"Santa Cruz","539.267"
"Santa Cruz","540.448"
"Santa Cruz","544.564"
"Santa Cruz","544.837"
"Santa Cruz","544.906"
"Santa Cruz","545.108"
"Santa Cruz","545.252"
"Santa Cruz","546.709"
"Santa Cruz","546.898"
"Santa Cruz","548.429"
"Santa Cruz","548.932"
"Santa Cruz","549.106"
"Santa Cruz","551.551"
"Santa Cruz","552.768"
"Santa Cruz","552.814"
"Santa Cruz","552.902"
"Santa Cruz","555.506"
"Santa Cruz","556.494"
"Santa Cruz","557.253"
"Santa Cruz","557.851"
"Santa Cruz","558.138"
"Santa Cruz","558.323"
"Santa Cruz","559.554"
"Santa Cruz","561.925"
"Santa Cruz","563.524"
"Santa Cruz","564.562"
"Santa Cruz","564.836"
"Santa Cruz","566.405"
"Santa Cruz","567.181"
"Santa Cruz","568.052"
"Santa Cruz","569.517"
"Santa Cruz","570.086"
"Santa Cruz","571.265"
"Santa Cruz","571.618"
"Santa Cruz","571.943"
"Santa Cruz","572.025"
"Santa Cruz","576.596"
"Santa Cruz","577.730"
"Santa Cruz","577.816"
"Santa Cruz","577.863"
"Santa Cruz","579.224"
"Santa Cruz","580.439"
"Santa Cruz","581.951"
"Santa Cruz","582.290"
"Santa Cruz","582.842"
"Santa Cruz","583.619"
"Santa Cruz","584.016"
"Santa Cruz","584.899"
"Santa Cruz","588.526"
"Santa Cruz","589.274"
"Santa Cruz","589.668"
"Santa Cruz","589.699"
"Santa Cruz","590.902"
"Santa Cruz","591.048"
"Santa Cruz","591.976"
"Santa Cruz","593.007"
"Santa Cruz","593.616"
"Santa Cruz","593.722"
"Santa Cruz","594.602"
"Santa Cruz","594.785"
"Santa Cruz","596.739"
"Santa Cruz","597.751"
"Santa Cruz","598.605"
"Santa Cruz","598.718"
"Santa Cruz","598.737"
"Santa Cruz","600.432"
"Santa Cruz","602.081"
"Santa Cruz","602.259"
"Santa Cruz","603.154"
"Santa Cruz","603.188"
"Santa Cruz","603.849"
"Santa Cruz","604.283"
"Santa Cruz","606.352"
"Santa Cruz","607.176"
"Santa Cruz","607.493"
"Santa Cruz","607.720"
"Santa Cruz","607.741"
"Santa Cruz","611.267"
"Santa Cruz","612.148"
"Santa Cruz","612.923"
"Santa Cruz","615.009"
"Santa Cruz","617.137"
"Santa Cruz","618.811"
"Santa Cruz","618.945"
"Santa Cruz","619.444"
"Santa Cruz","621.987"
"Santa Cruz","623.463"
"Santa Cruz","624.009"
"Santa Cruz","624.950"
"Santa Cruz","628.692"
"Santa Cruz","629.190"
"Santa Cruz","629.515"
"Santa Cruz","630.645"
"Santa Cruz","631.696"
"Santa Cruz","632.308"
"Santa Cruz","632.369"
"Santa Cruz","633.888"
"Santa Cruz","634.936"
"Santa Cruz","635.335"
"Santa Cruz","636.565"
"Santa Cruz","638.875"
"Santa Cruz","639.617"
"Santa Cruz","639.863"
"Santa Cruz","645.961"
"Santa Cruz","646.024"
"Santa Cruz","646.762"
"Santa Cruz","648.848"
"Santa Cruz","649.455"
"Santa Cruz","652.711"
"Santa Cruz","653.241"
"Santa Cruz","654.114"
"Santa Cruz","654.466"
"Santa Cruz","655.686"
"Santa Cruz","655.877"
"Santa Cruz","657.197"
"Santa Cruz","661.906"
"Santa Cruz","663.672"
"Santa Cruz","664.057"
"Santa Cruz","664.205"
"Santa Cruz","667.438"
"Santa Cruz","668.227"
"Santa Cruz","668.310"
"Santa Cruz","670.992"
"Santa Cruz","671.088"
"Santa Cruz","672.104"
"Santa Cruz","673.214"
"Santa Cruz","675.075"
"Santa Cruz","675.087"
"Santa Cruz","679.017"
"Santa Cruz","679.310"
"Santa Cruz","686.117"
"Santa Cruz","689.706"
"Santa Cruz","690.465"
"Santa Cruz","691.422"
"Santa Cruz","693.471"
"Santa Cruz","694.523"
"Santa Cruz","694.535"
"Santa Cruz","694.896"
"Santa Cruz","695.690"
"Santa Cruz","696.506"
"Santa Cruz","696.853"
"Santa Cruz","697.269"
"Santa Cruz","702.094"
"Santa Cruz","702.906"
"Santa Cruz","704.645"
"Santa Cruz","706.133"
"Santa Cruz","708.076"
"Santa Cruz","708.214"
"Santa Cruz","709.423"
"Santa Cruz","710.674"
"Santa Cruz","712.506"
"Santa Cruz","717.071"
"Santa Cruz","719.097"
"Santa Cruz","719.577"
"Santa Cruz","719.899"
"Santa Cruz","720.160"
"Santa Cruz","720.410"
"Santa Cruz","721.206"
"Santa Cruz","722.123"
"Santa Cruz","723.782"
"Santa Cruz","724.829"
"Santa Cruz","728.385"
"Santa Cruz","728.743"
"Santa Cruz","731.186"
"Santa Cruz","732.044"
"Santa Cruz","732.920"
"Santa Cruz","732.955"
"Santa Cruz","733.223"
"Santa Cruz","739.629"
"Santa Cruz","744.493"
"Santa Cruz","745.475"
"Santa Cruz","747.826"
"Santa Cruz","748.861"
"Santa Cruz","752.024"
"Santa Cruz","754.555"
"Santa Cruz","755.301"
"Santa Cruz","757.096"
"Santa Cruz","759.351"
"Santa Cruz","760.076"
"Santa Cruz","761.621"
"Santa Cruz","770.164"
"Santa Cruz","770.271"
"Santa Cruz","770.521"
"Santa Cruz","770.543"
"Santa Cruz","771.604"
"Santa Cruz","772.905"
"Santa Cruz","776.519"
"Santa Cruz","776.781"
"Santa Cruz","777.511"
"Santa Cruz","777.693"
"Santa Cruz","778.273"
"Santa Cruz","781.826"
"Santa Cruz","782.374"
"Santa Cruz","782.562"
"Santa Cruz","783.874"
"Santa Cruz","792.363"
"Santa Cruz","792.618"
"Santa Cruz","792.678"
"Santa Cruz","793.096"
"Santa Cruz","794.001"
"Santa Cruz","794.904"
"Santa Cruz","795.556"
"Santa Cruz","801.127"
"Santa Cruz","803.461"
"Santa Cruz","804.890"
"Santa Cruz","807.803"
"Santa Cruz","808.927"
"Santa Cruz","811.206"
"Santa Cruz","814.597"
"Santa Cruz","815.530"
"Santa Cruz","816.140"
"Santa Cruz","816.797"
"Santa Cruz","816.913"
"Santa Cruz","819.824"
"Santa Cruz","822.669"
"Santa Cruz","825.776"
"Santa Cruz","825.990"
"Santa Cruz","826.970"
"Santa Cruz","828.627"
"Santa Cruz","828.640"
"Santa Cruz","829.490"
"Santa Cruz","831.865"
"Santa Cruz","833.910"
"Santa Cruz","835.501"
"Santa Cruz","836.963"
"Santa Cruz","837.562"
"Santa Cruz","838.473"
"Santa Cruz","841.622"
"Santa Cruz","843.480"
"Santa Cruz","845.706"
"Santa Cruz","845.837"
"Santa Cruz","849.319"
"Santa Cruz","854.961"
"Santa Cruz","855.326"
"Santa Cruz","856.327"
"Santa Cruz","856.436"
"Santa Cruz","858.585"
"Santa Cruz","858.760"
"Santa Cruz","862.418"
"Santa Cruz","864.848"
"Santa Cruz","874.125"
"Santa Cruz","874.267"
"Santa Cruz","874.786"
"Santa Cruz","875.433"
"Santa Cruz","875.733"
"Santa Cruz","876.221"
"Santa Cruz","880.563"
"Santa Cruz","880.836"
"Santa Cruz","888.028"
"Santa Cruz","888.499"
"Santa Cruz","888.697"
"Santa Cruz","893.512"
"Santa Cruz","899.105"
"Santa Cruz","899.160"
"Santa Cruz","900.308"
"Santa Cruz","900.409"
"Santa Cruz","901.199"
"Santa Cruz","901.828"
"Santa Cruz","904.602"
"Santa Cruz","909.905"
"Santa Cruz","910.638"
"Santa Cruz","923.688"
"Santa Cruz","925.552"
"Santa Cruz","925.657"
"Santa Cruz","929.352"
"Santa Cruz","930.232"
"Santa Cruz","930.836"
"Santa Cruz","932.613"
"Santa Cruz","934.218"
"Santa Cruz","935.286"
"Santa Cruz","938.885"
"Santa Cruz","939.356"
"Santa Cruz","939.832"
"Santa Cruz","941.851"
"Santa Cruz","942.641"
"Santa Cruz","942.814"
"Santa Cruz","944.318"
"Santa Cruz","944.483"
"Santa Cruz","945.355"
"Santa Cruz","949.796"
"Santa Cruz","950.003"
"Santa Cruz","950.946"
"Santa Cruz","951.043"
"Santa Cruz","953.959"
"Santa Cruz","955.604"
"Santa Cruz","955.717"
"Santa Cruz","956.126"
"Santa Cruz","956.546"
"Santa Cruz","957.483"
"Santa Cruz","959.512"
"Santa Cruz","959.675"
"Santa Cruz","961.037"
"Santa Cruz","961.526"
"Santa Cruz","962.118"
"Santa Cruz","970.435"
"Santa Cruz","970.560"
"Santa Cruz","971.417"
"Santa Cruz","974.673"
"Santa Cruz","975.635"
"Santa Cruz","977.579"
"Santa Cruz","978.571"
"Santa Cruz","981.637"
"Santa Cruz","981.933"
"Santa Cruz","983.983"
"Santa Cruz","985.144"
"Santa Cruz","986.617"
"Santa Cruz","991.127"
"Santa Cruz","991.962"
"Santa Cruz","992.322"
"Santa Cruz","993.922"
"Santa Cruz","996.317"
"Santa Cruz","997.066"
"Santa Cruz","997.732"
"Santa Cruz","998.610"
"Santa Cruz","998.866"
"Santa Cruz","999.131"
"Santa Cruz","999.536"
"Santa Cruz","1001.452"
"Santa Cruz","1001.917"
"Santa Cruz","1002.663"
"Santa Cruz","1009.156"
"Santa Cruz","1013.331"
"Santa Cruz","1015.124"
"Santa Cruz","1015.384"
"Santa Cruz","1015.701"
"Santa Cruz","1019.784"
"Santa Cruz","1022.355"
"Santa Cruz","1023.426"
"Santa Cruz","1029.130"
"Santa Cruz","1032.414"
"Santa Cruz","1035.326"
"Santa Cruz","1035.983"
"Santa Cruz","1036.694"
"Santa Cruz","1037.560"
"Santa Cruz","1042.219"
"Santa Cruz","1043.693"
"Santa Cruz","1045.067"
"Santa Cruz","1048.745"
"Santa Cruz","1049.024"
"Santa Cruz","1053.498"
"Santa Cruz","1058.146"
"Santa Cruz","1058.677"
"Santa Cruz","1059.869"
"Santa Cruz","1061.390"
"Santa Cruz","1061.767"
"Santa Cruz","1062.796"
"Santa Cruz","1068.554"
"Santa Cruz","1068.595"
"Santa Cruz","1075.589"
"Santa Cruz","1078.419"
"Santa Cruz","1084.007"
"Santa Cruz","1084.618"
"Santa Cruz","1086.164"
"Santa Cruz","1088.195"
"Santa Cruz","1093.810"
"Santa Cruz","1094.384"
"Santa Cruz","1097.097"
"Santa Cruz","1101.284"
"Santa Cruz","1101.725"
"Santa Cruz","1102.662"
"Santa Cruz","1102.741"
"Santa Cruz","1104.982"
"Santa Cruz","1119.895"
"Santa Cruz","1122.732"
"Santa Cruz","1130.366"
"Santa Cruz","1132.081"
"Santa Cruz","1134.055"
"Santa Cruz","1137.154"
"Santa Cruz","1137.904"
"Santa Cruz","1138.411"
"Santa Cruz","1139.526"
"Santa Cruz","1146.746"
"Santa Cruz","1149.868"
"Santa Cruz","1158.079"
"Santa Cruz","1158.138"
"Santa Cruz","1159.859"
"Santa Cruz","1172.405"
"Santa Cruz","1172.977"
"Santa Cruz","1173.646"
"Santa Cruz","1174.950"
"Santa Cruz","1178.215"
"Santa Cruz","1181.139"
"Santa Cruz","1187.505"
"Santa Cruz","1189.386"
"Santa Cruz","1191.395"
"Santa Cruz","1198.333"
"Santa Cruz","1200.465"
"Santa Cruz","1201.103"
"Santa Cruz","1201.209"
"Santa Cruz","1203.088"
"Santa Cruz","1205.071"
"Santa Cruz","1209.764"
"Santa Cruz","1210.141"
"Santa Cruz","1233.250"
"Santa Cruz","1235.446"
"Santa Cruz","1235.722"
"Santa Cruz","1236.187"
"Santa Cruz","1238.014"
"Santa Cruz","1257.342"
"Santa Cruz","1267.348"
"Santa Cruz","1272.067"
"Santa Cruz","1273.274"
"Santa Cruz","1275.729"
"Santa Cruz","1291.437"
"Santa Cruz","1299.163"
"Santa Cruz","1299.751"
"Santa Cruz","1300.870"
"Santa Cruz","1308.482"
"Santa Cruz","1319.900"
"Santa Cruz","1330.637"
"Santa Cruz","1331.882"
"Santa Cruz","1332.090"
"Santa Cruz","1335.698"
"Santa Cruz","1338.800"
"Santa Cruz","1339.215"
"Santa Cruz","1341.135"
"Santa Cruz","1342.015"
"Santa Cruz","1349.367"
"Santa Cruz","1354.128"
"Santa Cruz","1357.962"
"Santa Cruz","1372.886"
"Santa Cruz","1373.837"
"Santa Cruz","1376.781"
"Santa Cruz","1377.472"
"Santa Cruz","1380.452"
"Santa Cruz","1380.486"
"Santa Cruz","1389.035"
"Santa Cruz","1396.160"
"Santa Cruz","1397.875"
"Santa Cruz","1403.101"
"Santa Cruz","1406.455"
"Santa Cruz","1411.555"
"Santa Cruz","1412.701"
"Santa Cruz","1421.376"
"Santa Cruz","1438.719"
"Santa Cruz","1439.452"
"Santa Cruz","1447.189"
"Santa Cruz","1450.543"
"Santa Cruz","1465.781"
"Santa Cruz","1473.481"
"Santa Cruz","1498.372"
"Santa Cruz","1517.255"
"Santa Cruz","1539.407"
"Santa Cruz","1547.872"
"Santa Cruz","1573.368"
"Santa Cruz","1574.016"
"Santa Cruz","1576.003"
"Santa Cruz","1600.138"
"Santa Cruz","1603.866"
"Santa Cruz","1607.306"
"Santa Cruz","1610.913"
"Santa Cruz","1611.645"
"Santa Cruz","1611.689"
"Santa Cruz","1615.656"
"Santa Cruz","1623.186"
"Santa Cruz","1631.007"
"Santa Cruz","1631.789"
"Santa Cruz","1638.877"
"Santa Cruz","1641.741"
"Santa Cruz","1645.328"
"Santa Cruz","1646.644"
"Santa Cruz","1652.233"
"Santa Cruz","1654.779"
"Santa Cruz","1659.541"
"Santa Cruz","1668.959"
"Santa Cruz","1671.692"
"Santa Cruz","1678.515"
"Santa Cruz","1683.197"
"Santa Cruz","1684.153"
"Santa Cruz","1686.608"
"Santa Cruz","1695.186"
"Santa Cruz","1713.471"
"Santa Cruz","1728.694"
"Santa Cruz","1729.762"
"Santa Cruz","1739.212"
"Santa Cruz","1752.475"
"Santa Cruz","1856.046"
"Santa Cruz","1921.885"
"Santa Cruz","1930.725"
"Santa Cruz","1974.425"
"Santa Cruz","1979.335"
"Santa Cruz","1982.025"
"Santa Cruz","1991.912"
"Santa Cruz","1997.562"
"Santa Cruz","2006.960"
"Santa Cruz","2059.934"
"Santa Cruz","2089.915"
"Santa Cruz","2147.845"
"Santa Cruz","2158.819"
"Santa Cruz","2161.427"
"Santa Cruz","2192.095"
"Santa Cruz","2202.126"
"Santa Cruz","2288.487"
"Santa Cruz","2330.165"
"Santa Cruz","2469.760"
"Santa Cruz","2667.561"
"Santa Cruz","2769.847"
"Santa Cruz","2786.875"
"Santa Cruz","2832.567"
"Santa Cruz","2832.621"
"Santa Cruz","2875.987"
"Santa Cruz","3011.002"
"Santa Cruz","3169.343"
"Santa Cruz","3177.066"
"Santa Cruz","3277.174"
"Santa Cruz","3305.240"
"Santa Cruz","3414.311"
"Santa Cruz","3477.023"
"Santa Cruz","3635.048"
"Santa Cruz","3692.493"
"Santa Cruz","3748.138"
"Santa Cruz","3792.658"
"Santa Cruz","3814.782"
"Santa Cruz","3856.880"
"Santa Cruz","4051.966"
"Santa Cruz","4171.453"
"Santa Cruz","4243.350"
"Santa Cruz","4498.301"
"Santa Cruz","4640.111"
"Salta","14.582803"
"Salta","15.022784"
"Salta","15.813737"
"Salta","16.578957"
"Salta","16.850924"
"Salta","16.862588"
"Salta","16.940001"
"Salta","17.527478"
"Salta","18.843568"
"Salta","19.089515"
"Salta","19.717406"
"Salta","20.755529"
"Salta","21.729561"
"Salta","21.774463"
"Salta","22.233751"
"Salta","22.484717"
"Salta","23.004812"
"Salta","25.054991"
"Rio Negro","0.03"
"Rio Negro","0.25"
"Rio Negro","0.31"
"Rio Negro","0.62"
"Rio Negro","0.99"
"Rio Negro","1"
"Rio Negro","1.02"
"Rio Negro","1.04"
"Rio Negro","1.05"
"Rio Negro","1.08"
"Rio Negro","1.31"
"Rio Negro","2.58"
"Rio Negro","3.54"
"Rio Negro","4.22"
"Rio Negro","4.24"
"Rio Negro","4.38"
"Rio Negro","4.44"
"Rio Negro","4.57"
"Rio Negro","4.62"
"Rio Negro","4.74"
"Rio Negro","4.75"
"Rio Negro","4.77"
"Rio Negro","4.79"
"Rio Negro","4.87"
"Rio Negro","4.89"
"Rio Negro","4.93"
"Rio Negro","5.17"
"Rio Negro","5.27"
"Rio Negro","5.42"
"Rio Negro","6.43"
"Rio Negro","7.02"
"Rio Negro","7.03"
"Rio Negro","7.31"
"Rio Negro","7.45"
"Rio Negro","7.51"
"Rio Negro","7.56"
"Rio Negro","7.59"
"Rio Negro","7.778164375"
"Rio Negro","7.83"
"Rio Negro","8.1"
"Rio Negro","8.63"
"Rio Negro","9.05"
"Rio Negro","9.07"
"Rio Negro","9.23"
"Rio Negro","9.48"
"Rio Negro","12.01"
"Rio Negro","12.26"
"Rio Negro","12.32"
"Rio Negro","12.48"
"Rio Negro","12.69"
"Rio Negro","12.9"
"Rio Negro","12.93"
"Rio Negro","13.18"
"Rio Negro","13.22"
"Rio Negro","13.25"
"Rio Negro","13.32"
"Rio Negro","13.52"
"Rio Negro","13.6"
"Rio Negro","13.81"
"Rio Negro","14.03"
"Rio Negro","14.41"
"Rio Negro","14.5"
"Rio Negro","14.55"
"Rio Negro","14.76"
"Rio Negro","15.03"
"Rio Negro","15.16"
"Rio Negro","15.17"
"Rio Negro","15.46"
"Rio Negro","15.72"
"Rio Negro","15.77"
"Rio Negro","15.85"
"Rio Negro","15.93"
"Rio Negro","16.19"
"Rio Negro","16.21"
"Rio Negro","16.22"
"Rio Negro","16.26"
"Rio Negro","16.56"
"Rio Negro","17.21"
"Rio Negro","18.02"
"Rio Negro","18.24"
"Rio Negro","18.78"
"Rio Negro","19.11"
"Rio Negro","19.5"
"Rio Negro","19.51"
"Rio Negro","19.61"
"Rio Negro","19.71"
"Rio Negro","20.00"
"Rio Negro","20.03"
"Rio Negro","20.12"
"Rio Negro","20.57"
"Rio Negro","20.99"
"Rio Negro","21.65"
"Rio Negro","21.83"
"Rio Negro","21.9"
"Rio Negro","23.04"
"Rio Negro","23.19"
"Rio Negro","23.23"
"Rio Negro","23.84"
"Rio Negro","24.19"
"Rio Negro","24.23"
"Rio Negro","24.35"
"Rio Negro","24.41"
"Rio Negro","24.56"
"Rio Negro","24.57"
"Rio Negro","24.60"
"Rio Negro","24.64"
"Rio Negro","24.82"
"Rio Negro","24.87"
"Rio Negro","25.25"
"Rio Negro","25.33"
"Rio Negro","25.35"
"Rio Negro","25.45"
"Rio Negro","25.5809948"
"Rio Negro","25.63"
"Rio Negro","25.92"
"Rio Negro","26.04"
"Rio Negro","26.89"
"Rio Negro","27.3"
"Rio Negro","27.39"
"Rio Negro","27.4"
"Rio Negro","27.43"
"Rio Negro","27.78"
"Rio Negro","27.89"
"Rio Negro","28.1"
"Rio Negro","28.31"
"Rio Negro","29.2"
"Rio Negro","29.59"
"Rio Negro","29.86"
"Rio Negro","30.04"
"Rio Negro","30.11"
"Rio Negro","30.32"
"Rio Negro","30.46"
"Rio Negro","30.96"
"Rio Negro","31.21"
"Rio Negro","31.27"
"Rio Negro","31.55"
"Rio Negro","31.85"
"Rio Negro","32.09"
"Rio Negro","32.13"
"Rio Negro","32.38"
"Rio Negro","32.42"
"Rio Negro","32.43"
"Rio Negro","32.6"
"Rio Negro","33.3"
"Rio Negro","33.35"
"Rio Negro","33.44"
"Rio Negro","33.55"
"Rio Negro","33.67"
"Rio Negro","33.74"
"Rio Negro","33.75"
"Rio Negro","33.79"
"Rio Negro","34.17"
"Rio Negro","34.24"
"Rio Negro","34.55"
"Rio Negro","35.03"
"Rio Negro","35.34"
"Rio Negro","35.59"
"Rio Negro","35.85"
"Rio Negro","36.18"
"Rio Negro","36.49"
"Rio Negro","36.68"
"Rio Negro","36.9"
"Rio Negro","37.51"
"Rio Negro","37.95"
"Rio Negro","38.14"
"Rio Negro","38.5261206"
"Rio Negro","38.97"
"Rio Negro","39.05"
"Rio Negro","39.71"
"Rio Negro","39.73"
"Rio Negro","39.91"
"Rio Negro","40.01"
"Rio Negro","40.21"
"Rio Negro","40.51"
"Rio Negro","40.54"
"Rio Negro","41.28"
"Rio Negro","41.46"
"Rio Negro","41.48"
"Rio Negro","41.68"
"Rio Negro","42.91"
"Rio Negro","43.82"
"Rio Negro","43.89"
"Rio Negro","44.52"
"Rio Negro","44.64"
"Rio Negro","44.78"
"Rio Negro","44.8"
"Rio Negro","44.96"
"Rio Negro","44.97"
"Rio Negro","45.38"
"Rio Negro","45.49"
"Rio Negro","45.53"
"Rio Negro","45.57"
"Rio Negro","46.03"
"Rio Negro","46.06"
"Rio Negro","46.23"
"Rio Negro","46.66"
"Rio Negro","46.87"
"Rio Negro","47.35"
"Rio Negro","47.72"
"Rio Negro","47.95"
"Rio Negro","47.96"
"Rio Negro","48.48"
"Rio Negro","48.57"
"Rio Negro","48.58"
"Rio Negro","48.67"
"Rio Negro","49.16"
"Rio Negro","49.31"
"Rio Negro","49.36"
"Rio Negro","49.47"
"Rio Negro","49.49"
"Rio Negro","49.89"
"Rio Negro","50.11"
"Rio Negro","50.18"
"Rio Negro","50.28"
"Rio Negro","50.41"
"Rio Negro","50.5"
"Rio Negro","50.83"
"Rio Negro","50.86"
"Rio Negro","51.12"
"Rio Negro","51.38"
"Rio Negro","51.79"
"Rio Negro","52.56"
"Rio Negro","52.7"
"Rio Negro","52.75"
"Rio Negro","52.79"
"Rio Negro","52.88"
"Rio Negro","52.94"
"Rio Negro","53.16"
"Rio Negro","53.3"
"Rio Negro","53.56"
"Rio Negro","53.67"
"Rio Negro","53.94"
"Rio Negro","54"
"Rio Negro","54.48"
"Rio Negro","54.75"
"Rio Negro","55.06"
"Rio Negro","55.07"
"Rio Negro","55.16"
"Rio Negro","55.37"
"Rio Negro","55.41"
"Rio Negro","55.46"
"Rio Negro","55.51"
"Rio Negro","55.71784891"
"Rio Negro","55.85"
"Rio Negro","56.13"
"Rio Negro","56.92"
"Rio Negro","57.06"
"Rio Negro","57.23"
"Rio Negro","57.25"
"Rio Negro","57.31"
"Rio Negro","57.35"
"Rio Negro","57.82"
"Rio Negro","57.85"
"Rio Negro","58.04"
"Rio Negro","58.19"
"Rio Negro","58.28"
"Rio Negro","58.36"
"Rio Negro","58.54"
"Rio Negro","58.92"
"Rio Negro","59.2"
"Rio Negro","59.39"
"Rio Negro","59.81"
"Rio Negro","59.87"
"Rio Negro","60.00"
"Rio Negro","60.18"
"Rio Negro","60.25"
"Rio Negro","60.29"
"Rio Negro","60.51"
"Rio Negro","60.63"
"Rio Negro","60.67"
"Rio Negro","60.77"
"Rio Negro","60.81"
"Rio Negro","60.92"
"Rio Negro","61.24"
"Rio Negro","61.6"
"Rio Negro","61.9"
"Rio Negro","61.92"
"Rio Negro","62.00"
"Rio Negro","62.02"
"Rio Negro","62.23"
"Rio Negro","62.29"
"Rio Negro","62.32"
"Rio Negro","62.41"
"Rio Negro","62.91"
"Rio Negro","63.36"
"Rio Negro","63.46"
"Rio Negro","63.69"
"Rio Negro","63.79"
"Rio Negro","63.84"
"Rio Negro","64.45"
"Rio Negro","64.54"
"Rio Negro","64.55"
"Rio Negro","64.76"
"Rio Negro","64.88"
"Rio Negro","65.03"
"Rio Negro","65.16"
"Rio Negro","65.37"
"Rio Negro","65.49"
"Rio Negro","65.77"
"Rio Negro","65.93"
"Rio Negro","66"
"Rio Negro","66.41"
"Rio Negro","66.45"
"Rio Negro","66.48"
"Rio Negro","66.61"
"Rio Negro","66.76"
"Rio Negro","66.9"
"Rio Negro","66.96"
"Rio Negro","67.26"
"Rio Negro","67.29"
"Rio Negro","67.38"
"Rio Negro","67.66"
"Rio Negro","67.84"
"Rio Negro","68"
"Rio Negro","68.18"
"Rio Negro","68.26"
"Rio Negro","68.69"
"Rio Negro","68.72"
"Rio Negro","68.77"
"Rio Negro","68.83"
"Rio Negro","69.03"
"Rio Negro","69.04"
"Rio Negro","69.2"
"Rio Negro","69.22"
"Rio Negro","69.28"
"Rio Negro","69.42"
"Rio Negro","69.65"
"Rio Negro","69.66"
"Rio Negro","69.7"
"Rio Negro","69.91"
"Rio Negro","70"
"Rio Negro","70.07"
"Rio Negro","70.08"
"Rio Negro","70.09"
"Rio Negro","70.26"
"Rio Negro","70.41"
"Rio Negro","70.5"
"Rio Negro","70.54"
"Rio Negro","70.67"
"Rio Negro","71.17"
"Rio Negro","71.29"
"Rio Negro","71.35"
"Rio Negro","71.37"
"Rio Negro","71.73"
"Rio Negro","71.86"
"Rio Negro","71.95"
"Rio Negro","72.29"
"Rio Negro","72.36"
"Rio Negro","72.42"
"Rio Negro","72.91"
"Rio Negro","73.22"
"Rio Negro","73.27"
"Rio Negro","73.41"
"Rio Negro","73.50"
"Rio Negro","73.72"
"Rio Negro","74.05"
"Rio Negro","74.21"
"Rio Negro","74.37"
"Rio Negro","74.39"
"Rio Negro","74.66"
"Rio Negro","74.75"
"Rio Negro","74.8"
"Rio Negro","75.57"
"Rio Negro","76.08"
"Rio Negro","76.24"
"Rio Negro","76.25"
"Rio Negro","76.35"
"Rio Negro","76.54"
"Rio Negro","76.6"
"Rio Negro","76.94"
"Rio Negro","77.01"
"Rio Negro","77.38"
"Rio Negro","77.47"
"Rio Negro","77.56"
"Rio Negro","77.73"
"Rio Negro","77.81"
"Rio Negro","77.95"
"Rio Negro","77.97"
"Rio Negro","78.01"
"Rio Negro","78.15"
"Rio Negro","78.27"
"Rio Negro","78.3"
"Rio Negro","78.34"
"Rio Negro","78.36"
"Rio Negro","78.4"
"Rio Negro","78.5"
"Rio Negro","78.69"
"Rio Negro","78.84"
"Rio Negro","78.92"
"Rio Negro","79.11"
"Rio Negro","79.53"
"Rio Negro","79.98"
"Rio Negro","80.03"
"Rio Negro","80.11"
"Rio Negro","80.53"
"Rio Negro","80.69"
"Rio Negro","80.7"
"Rio Negro","80.74"
"Rio Negro","80.81"
"Rio Negro","80.87"
"Rio Negro","81.22"
"Rio Negro","81.54"
"Rio Negro","81.73"
"Rio Negro","81.89"
"Rio Negro","81.9"
"Rio Negro","82.46"
"Rio Negro","82.51"
"Rio Negro","82.86"
"Rio Negro","82.91"
"Rio Negro","83.13"
"Rio Negro","83.22"
"Rio Negro","83.25"
"Rio Negro","83.31"
"Rio Negro","83.4"
"Rio Negro","83.84"
"Rio Negro","84.6"
"Rio Negro","84.89"
"Rio Negro","84.91"
"Rio Negro","85.01"
"Rio Negro","85.02"
"Rio Negro","85.07"
"Rio Negro","85.29"
"Rio Negro","85.66"
"Rio Negro","85.71"
"Rio Negro","86.07"
"Rio Negro","86.17"
"Rio Negro","86.42"
"Rio Negro","86.62"
"Rio Negro","86.78"
"Rio Negro","86.96"
"Rio Negro","86.98"
"Rio Negro","87.03"
"Rio Negro","87.09"
"Rio Negro","87.43"
"Rio Negro","87.71"
"Rio Negro","87.99"
"Rio Negro","88.37"
"Rio Negro","88.42"
"Rio Negro","88.48"
"Rio Negro","88.86"
"Rio Negro","88.88"
"Rio Negro","89.49"
"Rio Negro","89.54"
"Rio Negro","89.74"
"Rio Negro","89.8"
"Rio Negro","90.02"
"Rio Negro","90.19"
"Rio Negro","90.27"
"Rio Negro","90.43"
"Rio Negro","90.58"
"Rio Negro","90.67"
"Rio Negro","90.69"
"Rio Negro","90.71"
"Rio Negro","90.79"
"Rio Negro","91.12"
"Rio Negro","91.78"
"Rio Negro","91.96"
"Rio Negro","92.04"
"Rio Negro","92.05"
"Rio Negro","92.14"
"Rio Negro","92.17"
"Rio Negro","92.28"
"Rio Negro","92.32"
"Rio Negro","92.34"
"Rio Negro","92.46"
"Rio Negro","92.55"
"Rio Negro","92.87"
"Rio Negro","93.06"
"Rio Negro","93.08"
"Rio Negro","93.13"
"Rio Negro","93.54"
"Rio Negro","93.64"
"Rio Negro","93.87"
"Rio Negro","94.21"
"Rio Negro","94.82"
"Rio Negro","94.88"
"Rio Negro","94.93"
"Rio Negro","94.99"
"Rio Negro","95.03"
"Rio Negro","95.1"
"Rio Negro","95.2"
"Rio Negro","95.21"
"Rio Negro","95.23"
"Rio Negro","95.25"
"Rio Negro","95.31"
"Rio Negro","95.38"
"Rio Negro","95.44"
"Rio Negro","95.61"
"Rio Negro","95.68"
"Rio Negro","95.84"
"Rio Negro","95.87"
"Rio Negro","95.88"
"Rio Negro","95.89"
"Rio Negro","96.29"
"Rio Negro","96.54"
"Rio Negro","96.6"
"Rio Negro","96.77"
"Rio Negro","96.83"
"Rio Negro","97.05"
"Rio Negro","97.1"
"Rio Negro","97.62"
"Rio Negro","97.66"
"Rio Negro","97.89"
"Rio Negro","98.02"
"Rio Negro","98.11"
"Rio Negro","98.12"
"Rio Negro","98.27"
"Rio Negro","98.34"
"Rio Negro","98.37"
"Rio Negro","98.57"
"Rio Negro","98.71"
"Rio Negro","99.02"
"Rio Negro","99.03"
"Rio Negro","99.14"
"Rio Negro","99.22"
"Rio Negro","99.46"
"Rio Negro","99.5"
"Rio Negro","99.62"
"Rio Negro","99.96"
"Rio Negro","100.2"
"Rio Negro","100.36"
"Rio Negro","100.65"
"Rio Negro","100.67"
"Rio Negro","100.68"
"Rio Negro","100.78"
"Rio Negro","100.9"
"Rio Negro","100.94"
"Rio Negro","101.05"
"Rio Negro","101.06"
"Rio Negro","101.08"
"Rio Negro","101.2"
"Rio Negro","101.33"
"Rio Negro","101.38"
"Rio Negro","101.42"
"Rio Negro","101.86"
"Rio Negro","101.92"
"Rio Negro","102.02"
"Rio Negro","102.14"
"Rio Negro","102.27"
"Rio Negro","102.32"
"Rio Negro","102.65"
"Rio Negro","102.68"
"Rio Negro","102.7"
"Rio Negro","102.78"
"Rio Negro","102.79"
"Rio Negro","102.92"
"Rio Negro","102.98"
"Rio Negro","103"
"Rio Negro","103.09"
"Rio Negro","103.13"
"Rio Negro","103.23"
"Rio Negro","103.27"
"Rio Negro","103.39"
"Rio Negro","103.69"
"Rio Negro","103.72"
"Rio Negro","103.82"
"Rio Negro","103.84"
"Rio Negro","103.94"
"Rio Negro","104.14"
"Rio Negro","104.24"
"Rio Negro","104.29"
"Rio Negro","104.31"
"Rio Negro","104.59"
"Rio Negro","104.61"
"Rio Negro","104.69"
"Rio Negro","104.77"
"Rio Negro","104.95"
"Rio Negro","105.11"
"Rio Negro","105.14"
"Rio Negro","105.37"
"Rio Negro","105.56"
"Rio Negro","105.64"
"Rio Negro","105.73"
"Rio Negro","105.87"
"Rio Negro","105.99"
"Rio Negro","106.11"
"Rio Negro","106.3"
"Rio Negro","106.39"
"Rio Negro","106.52"
"Rio Negro","106.53"
"Rio Negro","106.67"
"Rio Negro","106.72"
"Rio Negro","106.78"
"Rio Negro","106.9"
"Rio Negro","107.09"
"Rio Negro","107.28"
"Rio Negro","107.47"
"Rio Negro","107.49"
"Rio Negro","107.64"
"Rio Negro","107.72"
"Rio Negro","107.79"
"Rio Negro","107.88"
"Rio Negro","107.99"
"Rio Negro","108.08"
"Rio Negro","108.12"
"Rio Negro","108.28"
"Rio Negro","108.45"
"Rio Negro","108.67"
"Rio Negro","108.72"
"Rio Negro","108.74"
"Rio Negro","108.79"
"Rio Negro","108.85"
"Rio Negro","109.06"
"Rio Negro","109.08"
"Rio Negro","109.1"
"Rio Negro","109.22"
"Rio Negro","109.25"
"Rio Negro","109.62"
"Rio Negro","109.99"
"Rio Negro","110.04"
"Rio Negro","110.11"
"Rio Negro","110.15"
"Rio Negro","110.19"
"Rio Negro","110.32"
"Rio Negro","110.44"
"Rio Negro","110.52"
"Rio Negro","110.56"
"Rio Negro","110.6"
"Rio Negro","110.68"
"Rio Negro","110.74"
"Rio Negro","110.75"
"Rio Negro","110.8"
"Rio Negro","110.86"
"Rio Negro","110.89"
"Rio Negro","110.9"
"Rio Negro","111.07"
"Rio Negro","111.09"
"Rio Negro","111.21"
"Rio Negro","111.23"
"Rio Negro","111.25"
"Rio Negro","111.27"
"Rio Negro","111.38"
"Rio Negro","111.74"
"Rio Negro","112.34"
"Rio Negro","112.37"
"Rio Negro","112.4"
"Rio Negro","112.6"
"Rio Negro","112.72"
"Rio Negro","112.75"
"Rio Negro","112.76"
"Rio Negro","112.93"
"Rio Negro","113.38"
"Rio Negro","113.4"
"Rio Negro","113.63"
"Rio Negro","113.8"
"Rio Negro","113.92"
"Rio Negro","114.16"
"Rio Negro","114.26"
"Rio Negro","114.27"
"Rio Negro","114.28"
"Rio Negro","114.51"
"Rio Negro","114.73"
"Rio Negro","114.79"
"Rio Negro","114.82"
"Rio Negro","114.99"
"Rio Negro","115.05"
"Rio Negro","115.21"
"Rio Negro","115.29"
"Rio Negro","115.3"
"Rio Negro","115.59"
"Rio Negro","115.79"
"Rio Negro","115.82"
"Rio Negro","115.84"
"Rio Negro","116.09"
"Rio Negro","116.1"
"Rio Negro","116.43"
"Rio Negro","116.55"
"Rio Negro","116.79"
"Rio Negro","117.0201761"
"Rio Negro","117.07"
"Rio Negro","117.08"
"Rio Negro","117.37"
"Rio Negro","117.44"
"Rio Negro","117.51"
"Rio Negro","117.53"
"Rio Negro","117.71"
"Rio Negro","117.79"
"Rio Negro","118.05"
"Rio Negro","118.09"
"Rio Negro","118.24"
"Rio Negro","118.48"
"Rio Negro","118.49"
"Rio Negro","118.86"
"Rio Negro","119.03"
"Rio Negro","119.3"
"Rio Negro","119.33"
"Rio Negro","119.47"
"Rio Negro","119.59"
"Rio Negro","119.68"
"Rio Negro","119.96"
"Rio Negro","120.19"
"Rio Negro","120.38"
"Rio Negro","121.1"
"Rio Negro","121.36"
"Rio Negro","121.44"
"Rio Negro","121.61"
"Rio Negro","121.63"
"Rio Negro","121.64"
"Rio Negro","122.19"
"Rio Negro","122.23"
"Rio Negro","122.32"
"Rio Negro","122.55"
"Rio Negro","122.61"
"Rio Negro","122.73"
"Rio Negro","122.8"
"Rio Negro","122.94"
"Rio Negro","123.1"
"Rio Negro","123.23"
"Rio Negro","123.24"
"Rio Negro","123.54"
"Rio Negro","124.03"
"Rio Negro","124.12"
"Rio Negro","124.27"
"Rio Negro","124.46"
"Rio Negro","124.72"
"Rio Negro","124.78"
"Rio Negro","124.83"
"Rio Negro","125.26"
"Rio Negro","125.28"
"Rio Negro","125.36"
"Rio Negro","125.41"
"Rio Negro","125.51"
"Rio Negro","125.72"
"Rio Negro","125.78"
"Rio Negro","125.79"
"Rio Negro","125.93"
"Rio Negro","125.96"
"Rio Negro","125.99"
"Rio Negro","126.57"
"Rio Negro","126.67"
"Rio Negro","126.69"
"Rio Negro","126.8"
"Rio Negro","127.45"
"Rio Negro","127.5"
"Rio Negro","127.54"
"Rio Negro","127.7"
"Rio Negro","128.06"
"Rio Negro","128.11"
"Rio Negro","128.47"
"Rio Negro","128.51"
"Rio Negro","128.62"
"Rio Negro","128.66"
"Rio Negro","128.88"
"Rio Negro","129.04"
"Rio Negro","129.22"
"Rio Negro","129.25"
"Rio Negro","129.29"
"Rio Negro","129.42"
"Rio Negro","129.65"
"Rio Negro","130.03"
"Rio Negro","130.3"
"Rio Negro","130.45"
"Rio Negro","130.82"
"Rio Negro","131.06"
"Rio Negro","131.16"
"Rio Negro","131.37"
"Rio Negro","131.65"
"Rio Negro","132.19"
"Rio Negro","132.66"
"Rio Negro","132.74"
"Rio Negro","132.76"
"Rio Negro","132.92"
"Rio Negro","133.02"
"Rio Negro","133.16"
"Rio Negro","133.2"
"Rio Negro","133.32"
"Rio Negro","133.33"
"Rio Negro","133.34"
"Rio Negro","133.41"
"Rio Negro","133.42"
"Rio Negro","133.51"
"Rio Negro","133.64"
"Rio Negro","133.9"
"Rio Negro","134.15"
"Rio Negro","134.3"
"Rio Negro","134.33"
"Rio Negro","134.34"
"Rio Negro","134.38"
"Rio Negro","134.58"
"Rio Negro","135.05"
"Rio Negro","135.27"
"Rio Negro","135.49"
"Rio Negro","135.84"
"Rio Negro","136.25"
"Rio Negro","136.32"
"Rio Negro","136.36"
"Rio Negro","136.46"
"Rio Negro","136.54"
"Rio Negro","136.7"
"Rio Negro","137.01"
"Rio Negro","137.05"
"Rio Negro","137.13"
"Rio Negro","137.19"
"Rio Negro","137.71"
"Rio Negro","137.85"
"Rio Negro","137.95"
"Rio Negro","137.98"
"Rio Negro","138.03"
"Rio Negro","138.08"
"Rio Negro","138.2020232"
"Rio Negro","138.32"
"Rio Negro","138.34"
"Rio Negro","138.4"
"Rio Negro","138.51"
"Rio Negro","138.63"
"Rio Negro","138.82"
"Rio Negro","138.94"
"Rio Negro","139.72"
"Rio Negro","140.02"
"Rio Negro","140.04"
"Rio Negro","140.27"
"Rio Negro","140.55"
"Rio Negro","140.74"
"Rio Negro","141.21"
"Rio Negro","141.28"
"Rio Negro","141.43"
"Rio Negro","141.59"
"Rio Negro","141.66"
"Rio Negro","141.82"
"Rio Negro","141.9"
"Rio Negro","141.96"
"Rio Negro","142.26"
"Rio Negro","142.29"
"Rio Negro","142.39"
"Rio Negro","142.42"
"Rio Negro","142.45"
"Rio Negro","142.47"
"Rio Negro","142.5"
"Rio Negro","142.51"
"Rio Negro","142.67"
"Rio Negro","142.72"
"Rio Negro","142.76"
"Rio Negro","142.99"
"Rio Negro","143"
"Rio Negro","143.22"
"Rio Negro","143.24"
"Rio Negro","143.29"
"Rio Negro","143.52"
"Rio Negro","143.67"
"Rio Negro","143.95"
"Rio Negro","144.17"
"Rio Negro","144.29"
"Rio Negro","144.56"
"Rio Negro","144.64"
"Rio Negro","144.65"
"Rio Negro","144.71"
"Rio Negro","144.98"
"Rio Negro","145.12"
"Rio Negro","145.16"
"Rio Negro","145.21"
"Rio Negro","145.24"
"Rio Negro","145.26"
"Rio Negro","145.61"
"Rio Negro","145.93"
"Rio Negro","146.08"
"Rio Negro","146.11"
"Rio Negro","146.12"
"Rio Negro","146.2"
"Rio Negro","146.32"
"Rio Negro","146.35"
"Rio Negro","146.5"
"Rio Negro","146.65"
"Rio Negro","146.91"
"Rio Negro","146.94"
"Rio Negro","146.95"
"Rio Negro","147.36"
"Rio Negro","147.4"
"Rio Negro","147.6"
"Rio Negro","147.73"
"Rio Negro","147.89"
"Rio Negro","147.96"
"Rio Negro","148.14"
"Rio Negro","148.23"
"Rio Negro","148.58"
"Rio Negro","148.68"
"Rio Negro","148.86"
"Rio Negro","148.89"
"Rio Negro","149.03"
"Rio Negro","149.07"
"Rio Negro","149.5"
"Rio Negro","149.54"
"Rio Negro","149.65"
"Rio Negro","149.7"
"Rio Negro","149.87"
"Rio Negro","149.91"
"Rio Negro","150.15"
"Rio Negro","150.3"
"Rio Negro","150.61"
"Rio Negro","150.68"
"Rio Negro","150.9"
"Rio Negro","151.51"
"Rio Negro","151.65"
"Rio Negro","151.72"
"Rio Negro","151.86"
"Rio Negro","152.1"
"Rio Negro","152.21"
"Rio Negro","152.33"
"Rio Negro","152.36"
"Rio Negro","153.09"
"Rio Negro","153.23"
"Rio Negro","153.29"
"Rio Negro","153.5"
"Rio Negro","153.82"
"Rio Negro","154.05"
"Rio Negro","154.08"
"Rio Negro","154.12"
"Rio Negro","154.35"
"Rio Negro","154.42"
"Rio Negro","154.96"
"Rio Negro","155.01"
"Rio Negro","155.36"
"Rio Negro","155.37"
"Rio Negro","155.43"
"Rio Negro","155.52"
"Rio Negro","155.82"
"Rio Negro","156.14"
"Rio Negro","156.21"
"Rio Negro","156.29"
"Rio Negro","156.51"
"Rio Negro","156.76"
"Rio Negro","157.09"
"Rio Negro","157.12"
"Rio Negro","157.14"
"Rio Negro","157.18"
"Rio Negro","157.27"
"Rio Negro","157.57"
"Rio Negro","157.64"
"Rio Negro","157.73"
"Rio Negro","157.85"
"Rio Negro","158.12"
"Rio Negro","158.3"
"Rio Negro","158.41"
"Rio Negro","158.59"
"Rio Negro","158.62"
"Rio Negro","158.67"
"Rio Negro","158.97"
"Rio Negro","159.18"
"Rio Negro","159.39"
"Rio Negro","159.83"
"Rio Negro","159.88"
"Rio Negro","159.91"
"Rio Negro","160.26"
"Rio Negro","160.46"
"Rio Negro","160.48"
"Rio Negro","160.53"
"Rio Negro","160.64"
"Rio Negro","161.21"
"Rio Negro","161.29"
"Rio Negro","161.49"
"Rio Negro","161.68"
"Rio Negro","161.85"
"Rio Negro","161.99"
"Rio Negro","162.07"
"Rio Negro","162.28"
"Rio Negro","162.31"
"Rio Negro","162.81"
"Rio Negro","162.87"
"Rio Negro","162.99"
"Rio Negro","163"
"Rio Negro","163.02"
"Rio Negro","163.07"
"Rio Negro","163.09"
"Rio Negro","163.13"
"Rio Negro","163.17"
"Rio Negro","163.2"
"Rio Negro","163.38"
"Rio Negro","163.39"
"Rio Negro","163.71"
"Rio Negro","163.89"
"Rio Negro","164.27"
"Rio Negro","164.44"
"Rio Negro","164.51"
"Rio Negro","164.52"
"Rio Negro","164.58"
"Rio Negro","164.96"
"Rio Negro","165.11"
"Rio Negro","165.43"
"Rio Negro","165.46"
"Rio Negro","165.8"
"Rio Negro","165.97"
"Rio Negro","166.18"
"Rio Negro","166.38"
"Rio Negro","167"
"Rio Negro","167.06"
"Rio Negro","167.25"
"Rio Negro","167.5"
"Rio Negro","168.02"
"Rio Negro","168.09"
"Rio Negro","168.18"
"Rio Negro","168.5"
"Rio Negro","168.65"
"Rio Negro","168.73"
"Rio Negro","168.87"
"Rio Negro","168.91"
"Rio Negro","168.98"
"Rio Negro","169.64"
"Rio Negro","169.83"
"Rio Negro","169.99"
"Rio Negro","170.08"
"Rio Negro","170.16"
"Rio Negro","170.18"
"Rio Negro","170.26"
"Rio Negro","170.3"
"Rio Negro","170.33"
"Rio Negro","170.56"
"Rio Negro","171.24"
"Rio Negro","171.25"
"Rio Negro","171.4"
"Rio Negro","171.56"
"Rio Negro","171.61"
"Rio Negro","171.91"
"Rio Negro","172"
"Rio Negro","172.08"
"Rio Negro","172.09"
"Rio Negro","172.48"
"Rio Negro","172.49"
"Rio Negro","172.9"
"Rio Negro","174.35"
"Rio Negro","174.79"
"Rio Negro","174.86"
"Rio Negro","174.9"
"Rio Negro","175.21"
"Rio Negro","175.36"
"Rio Negro","175.39"
"Rio Negro","175.66"
"Rio Negro","175.7"
"Rio Negro","175.71"
"Rio Negro","175.98"
"Rio Negro","176.12"
"Rio Negro","176.14"
"Rio Negro","176.84"
"Rio Negro","177.33"
"Rio Negro","177.45"
"Rio Negro","177.51"
"Rio Negro","177.58"
"Rio Negro","177.79"
"Rio Negro","177.86"
"Rio Negro","178.03"
"Rio Negro","178.14"
"Rio Negro","178.35"
"Rio Negro","178.36"
"Rio Negro","178.65"
"Rio Negro","178.74"
"Rio Negro","178.78"
"Rio Negro","179.31"
"Rio Negro","179.41"
"Rio Negro","179.42"
"Rio Negro","179.45"
"Rio Negro","179.65"
"Rio Negro","179.69"
"Rio Negro","179.76"
"Rio Negro","179.91"
"Rio Negro","179.96"
"Rio Negro","180.05"
"Rio Negro","180.07"
"Rio Negro","180.22"
"Rio Negro","180.41"
"Rio Negro","180.51"
"Rio Negro","180.73"
"Rio Negro","180.82"
"Rio Negro","180.89"
"Rio Negro","181.03"
"Rio Negro","181.12"
"Rio Negro","181.33"
"Rio Negro","181.41"
"Rio Negro","181.69"
"Rio Negro","181.78"
"Rio Negro","182"
"Rio Negro","182.5"
"Rio Negro","182.53"
"Rio Negro","182.73"
"Rio Negro","182.8"
"Rio Negro","182.94"
"Rio Negro","183.02"
"Rio Negro","183.06"
"Rio Negro","183.21"
"Rio Negro","183.73"
"Rio Negro","183.87"
"Rio Negro","184.29"
"Rio Negro","184.34"
"Rio Negro","184.36"
"Rio Negro","184.54"
"Rio Negro","184.67"
"Rio Negro","184.68"
"Rio Negro","184.78"
"Rio Negro","184.84"
"Rio Negro","186.0310938"
"Rio Negro","186.4"
"Rio Negro","186.65"
"Rio Negro","186.87"
"Rio Negro","186.97"
"Rio Negro","188.08"
"Rio Negro","188.34"
"Rio Negro","188.43"
"Rio Negro","188.64"
"Rio Negro","189.22"
"Rio Negro","189.46"
"Rio Negro","190.27"
"Rio Negro","190.54"
"Rio Negro","190.66"
"Rio Negro","191.19"
"Rio Negro","191.27"
"Rio Negro","191.32"
"Rio Negro","191.46"
"Rio Negro","191.67"
"Rio Negro","191.78"
"Rio Negro","192.62"
"Rio Negro","192.78"
"Rio Negro","192.81"
"Rio Negro","193.77"
"Rio Negro","194.8"
"Rio Negro","195.13"
"Rio Negro","195.23"
"Rio Negro","195.48"
"Rio Negro","195.8"
"Rio Negro","195.83"
"Rio Negro","195.95"
"Rio Negro","196.04"
"Rio Negro","196.52"
"Rio Negro","196.71"
"Rio Negro","196.96"
"Rio Negro","197.11"
"Rio Negro","197.48"
"Rio Negro","197.81"
"Rio Negro","197.92"
"Rio Negro","198.14"
"Rio Negro","198.61"
"Rio Negro","199.45"
"Rio Negro","199.46"
"Rio Negro","199.7"
"Rio Negro","199.91"
"Rio Negro","200"
"Rio Negro","200.32"
"Rio Negro","200.52"
"Rio Negro","200.71"
"Rio Negro","200.93"
"Rio Negro","201.13"
"Rio Negro","201.42"
"Rio Negro","201.7"
"Rio Negro","201.88"
"Rio Negro","202.38"
"Rio Negro","203.55"
"Rio Negro","203.73"
"Rio Negro","204.02"
"Rio Negro","204.57"
"Rio Negro","204.74"
"Rio Negro","205.02"
"Rio Negro","205.16"
"Rio Negro","205.2"
"Rio Negro","205.54"
"Rio Negro","206.09"
"Rio Negro","206.14"
"Rio Negro","206.28"
"Rio Negro","206.3"
"Rio Negro","206.53"
"Rio Negro","206.6"
"Rio Negro","206.95"
"Rio Negro","208.03"
"Rio Negro","208.04"
"Rio Negro","208.05"
"Rio Negro","208.53"
"Rio Negro","208.66"
"Rio Negro","208.76"
"Rio Negro","208.81"
"Rio Negro","209.15"
"Rio Negro","209.44"
"Rio Negro","209.75"
"Rio Negro","210.34"
"Rio Negro","212.19"
"Rio Negro","212.63"
"Rio Negro","212.64"
"Rio Negro","213.22"
"Rio Negro","213.28"
"Rio Negro","213.59"
"Rio Negro","213.84"
"Rio Negro","214.12"
"Rio Negro","214.42"
"Rio Negro","214.46"
"Rio Negro","214.53"
"Rio Negro","214.76"
"Rio Negro","214.83"
"Rio Negro","214.93"
"Rio Negro","215.59"
"Rio Negro","215.69"
"Rio Negro","216.0744652"
"Rio Negro","216.54"
"Rio Negro","216.55"
"Rio Negro","216.87"
"Rio Negro","217.57"
"Rio Negro","217.73"
"Rio Negro","218.57"
"Rio Negro","219.52"
"Rio Negro","219.79"
"Rio Negro","220.63"
"Rio Negro","220.66"
"Rio Negro","220.88"
"Rio Negro","220.99"
"Rio Negro","221.82"
"Rio Negro","221.95"
"Rio Negro","222.2"
"Rio Negro","223.11"
"Rio Negro","223.57"
"Rio Negro","224.28"
"Rio Negro","224.71"
"Rio Negro","224.97"
"Rio Negro","225.39"
"Rio Negro","225.61"
"Rio Negro","226.1"
"Rio Negro","226.54"
"Rio Negro","226.96"
"Rio Negro","227.07"
"Rio Negro","227.68"
"Rio Negro","228.03"
"Rio Negro","228.19"
"Rio Negro","229.04"
"Rio Negro","229.31"
"Rio Negro","229.37"
"Rio Negro","229.81"
"Rio Negro","229.87"
"Rio Negro","230.43"
"Rio Negro","230.44"
"Rio Negro","230.57"
"Rio Negro","231.02"
"Rio Negro","231.42"
"Rio Negro","231.59"
"Rio Negro","231.86"
"Rio Negro","232.19"
"Rio Negro","232.42"
"Rio Negro","233.44"
"Rio Negro","234.12"
"Rio Negro","234.74"
"Rio Negro","235"
"Rio Negro","235.18"
"Rio Negro","235.26"
"Rio Negro","235.33"
"Rio Negro","235.63"
"Rio Negro","235.99"
"Rio Negro","236.21"
"Rio Negro","236.45"
"Rio Negro","236.47"
"Rio Negro","237.29"
"Rio Negro","237.64"
"Rio Negro","238.55"
"Rio Negro","238.59"
"Rio Negro","238.7"
"Rio Negro","239.54"
"Rio Negro","239.7885682"
"Rio Negro","239.9"
"Rio Negro","240.11"
"Rio Negro","240.28"
"Rio Negro","240.43"
"Rio Negro","240.87"
"Rio Negro","241.27"
"Rio Negro","241.55"
"Rio Negro","241.58"
"Rio Negro","241.64"
"Rio Negro","242.17"
"Rio Negro","242.32"
"Rio Negro","242.59"
"Rio Negro","243.26"
"Rio Negro","243.36"
"Rio Negro","243.38"
"Rio Negro","244.2"
"Rio Negro","244.31"
"Rio Negro","244.42"
"Rio Negro","244.64"
"Rio Negro","244.91"
"Rio Negro","245.29"
"Rio Negro","245.54"
"Rio Negro","245.55"
"Rio Negro","246.17"
"Rio Negro","246.32"
"Rio Negro","246.54"
"Rio Negro","246.66"
"Rio Negro","246.85"
"Rio Negro","247.24"
"Rio Negro","247.9"
"Rio Negro","248.84"
"Rio Negro","248.95"
"Rio Negro","249.97"
"Rio Negro","250.09"
"Rio Negro","250.3"
"Rio Negro","250.33"
"Rio Negro","250.56"
"Rio Negro","250.59"
"Rio Negro","250.78"
"Rio Negro","251.22"
"Rio Negro","251.26"
"Rio Negro","251.64"
"Rio Negro","251.78"
"Rio Negro","251.82"
"Rio Negro","251.86"
"Rio Negro","251.98"
"Rio Negro","252.36"
"Rio Negro","252.73"
"Rio Negro","252.96"
"Rio Negro","253.17"
"Rio Negro","253.55"
"Rio Negro","253.62"
"Rio Negro","253.86"
"Rio Negro","253.87"
"Rio Negro","253.99"
"Rio Negro","254.09"
"Rio Negro","254.38"
"Rio Negro","254.9"
"Rio Negro","255.32"
"Rio Negro","256.47"
"Rio Negro","256.54"
"Rio Negro","256.86"
"Rio Negro","256.93"
"Rio Negro","257.79"
"Rio Negro","258.01"
"Rio Negro","258.26"
"Rio Negro","258.79"
"Rio Negro","258.83"
"Rio Negro","258.91"
"Rio Negro","258.93"
"Rio Negro","259.16"
"Rio Negro","259.81"
"Rio Negro","260.07"
"Rio Negro","260.26"
"Rio Negro","260.65"
"Rio Negro","261.13"
"Rio Negro","261.26"
"Rio Negro","262.44"
"Rio Negro","263.16"
"Rio Negro","263.33"
"Rio Negro","263.45"
"Rio Negro","264.5"
"Rio Negro","265.4"
"Rio Negro","266.25"
"Rio Negro","266.75"
"Rio Negro","267.35"
"Rio Negro","267.36"
"Rio Negro","267.6"
"Rio Negro","267.86"
"Rio Negro","268.11"
"Rio Negro","268.67"
"Rio Negro","269.34"
"Rio Negro","270.19"
"Rio Negro","270.33"
"Rio Negro","270.5"
"Rio Negro","270.61"
"Rio Negro","271.46"
"Rio Negro","271.85"
"Rio Negro","273.11"
"Rio Negro","274.29"
"Rio Negro","276.87"
"Rio Negro","277.70"
"Rio Negro","277.76"
"Rio Negro","278.28"
"Rio Negro","278.61"
"Rio Negro","278.74"
"Rio Negro","279.37"
"Rio Negro","279.87"
"Rio Negro","281.28"
"Rio Negro","282.2"
"Rio Negro","283.89"
"Rio Negro","285.16"
"Rio Negro","285.46"
"Rio Negro","285.5"
"Rio Negro","286.71"
"Rio Negro","286.89"
"Rio Negro","287.54"
"Rio Negro","287.87"
"Rio Negro","287.93"
"Rio Negro","288.79"
"Rio Negro","289.15"
"Rio Negro","289.18"
"Rio Negro","290.39"
"Rio Negro","290.45"
"Rio Negro","290.52"
"Rio Negro","291.02"
"Rio Negro","291.2"
"Rio Negro","291.3"
"Rio Negro","292.14"
"Rio Negro","292.32"
"Rio Negro","292.6"
"Rio Negro","294.18"
"Rio Negro","294.39"
"Rio Negro","294.56"
"Rio Negro","295.79"
"Rio Negro","295.86"
"Rio Negro","296.02"
"Rio Negro","296.05"
"Rio Negro","296.29"
"Rio Negro","298.09"
"Rio Negro","298.44"
"Rio Negro","298.62"
"Rio Negro","299.48"
"Rio Negro","299.7"
"Rio Negro","299.91"
"Rio Negro","300.27"
"Rio Negro","300.52"
"Rio Negro","300.98"
"Rio Negro","301.78"
"Rio Negro","301.92"
"Rio Negro","303.06"
"Rio Negro","304.51"
"Rio Negro","305.93"
"Rio Negro","306.97"
"Rio Negro","307.25"
"Rio Negro","307.77"
"Rio Negro","307.84"
"Rio Negro","308.01"
"Rio Negro","308.79"
"Rio Negro","309.99"
"Rio Negro","311.33"
"Rio Negro","313.58"
"Rio Negro","318.11"
"Rio Negro","319.22"
"Rio Negro","319.24"
"Rio Negro","320.04"
"Rio Negro","320.53"
"Rio Negro","320.96"
"Rio Negro","321.03"
"Rio Negro","323.48"
"Rio Negro","325.13"
"Rio Negro","327.35"
"Rio Negro","329.49"
"Rio Negro","330.16"
"Rio Negro","331.68"
"Rio Negro","332.04"
"Rio Negro","332.13"
"Rio Negro","332.53"
"Rio Negro","332.70"
"Rio Negro","333.56"
"Rio Negro","334.17"
"Rio Negro","336.82"
"Rio Negro","336.84"
"Rio Negro","344.54"
"Rio Negro","345.26"
"Rio Negro","346.06"
"Rio Negro","346.61"
"Rio Negro","347.3"
"Rio Negro","348.64"
"Rio Negro","348.85"
"Rio Negro","350.56"
"Rio Negro","353.52"
"Rio Negro","355.00"
"Rio Negro","355.43"
"Rio Negro","355.59"
"Rio Negro","357.4"
"Rio Negro","361.08"
"Rio Negro","361.13"
"Rio Negro","366.18"
"Rio Negro","368.43"
"Rio Negro","370.9"
"Rio Negro","371.76"
"Rio Negro","385.6808718"
"Rio Negro","387.51"
"Rio Negro","390.3"
"Rio Negro","390.65"
"Rio Negro","392"
"Rio Negro","392.6"
"Rio Negro","393.37"
"Rio Negro","394.82"
"Rio Negro","411.62"
"Rio Negro","426.44"
"Rio Negro","428.67"
"Rio Negro","431.31"
"Rio Negro","433.89"
"Rio Negro","444.37"
"Rio Negro","452.05"
"Rio Negro","457.47"
"Rio Negro","457.71"
"Rio Negro","458.57"
"Rio Negro","462.45"
"Rio Negro","462.55"
"Rio Negro","464.66"
"Rio Negro","466.13"
"Rio Negro","469.776376"
"Rio Negro","475.42"
"Rio Negro","477.84"
"Rio Negro","480.23"
"Rio Negro","486.06"
"Rio Negro","488.13"
"Rio Negro","490.24"
"Rio Negro","496.53"
"Rio Negro","499.95"
"Rio Negro","509.48"
"Rio Negro","513.00"
"Rio Negro","534.84"
"Rio Negro","541.97"
"Rio Negro","542.32"
"Rio Negro","544.03"
"Rio Negro","545.98"
"Rio Negro","555.00"
"Rio Negro","558.8"
"Rio Negro","584.924894"
"Rio Negro","589.59"
"Rio Negro","589.86"
"Rio Negro","599.9109543"
"Rio Negro","609.17"
"Rio Negro","634.79"
"Rio Negro","637.0899734"
"Rio Negro","694.79"
"Rio Negro","722.6876329"
"Rio Negro","744.1243753"
"Rio Negro","785.42"
"Rio Negro","830.25"
"Rio Negro","899.00"
"Rio Negro","900.00"
"Rio Negro","930.00"
"Rio Negro","959.1542728"
"Rio Negro","960.00"
"Rio Negro","976.50"
"Rio Negro","977.33"
"Rio Negro","978.65"
"Rio Negro","984.00"
"Rio Negro","988.32"
"Rio Negro","990.00"
"Rio Negro","1017.44"
"Rio Negro","1018.49"
"Rio Negro","1020.00"
"Rio Negro","1035.339296"
"Rio Negro","1036.7"
"Rio Negro","1038.42"
"Rio Negro","1039.83"
"Rio Negro","1050.00"
"Rio Negro","1054.50"
"Rio Negro","1057.37"
"Rio Negro","1062.75"
"Rio Negro","1065.19"
"Rio Negro","1085.64"
"Rio Negro","1089.33"
"Rio Negro","1090.33"
"Rio Negro","1110.00"
"Rio Negro","1115.410961"
"Rio Negro","1116.00"
"Rio Negro","1130.04"
"Rio Negro","1147.00"
"Rio Negro","1168.50"
"Rio Negro","1197.00"
"Rio Negro","1214.63"
"Rio Negro","1235.00"
"Rio Negro","1240.00"
"Rio Negro","1260.00"
"Rio Negro","1298.292167"
"Rio Negro","1303.33"
"Rio Negro","1310.407904"
"Rio Negro","1322.25"
"Rio Negro","1350.00"
"Rio Negro","1372.50"
"Rio Negro","1395.00"
"Rio Negro","1410.00"
"Rio Negro","1430.00"
"Rio Negro","1440.00"
"Rio Negro","1445.00"
"Rio Negro","1457.00"
"Rio Negro","1468.535291"
"Rio Negro","1470.00"
"Rio Negro","1484.00"
"Rio Negro","1488.00"
"Rio Negro","1500.00"
"Rio Negro","1513.98"
"Rio Negro","1522.878593"
"Rio Negro","1547.63"
"Rio Negro","1553.25"
"Rio Negro","1560.00"
"Rio Negro","1571.00"
"Rio Negro","1576.67"
"Rio Negro","1576.84"
"Rio Negro","1588.17"
"Rio Negro","1589.33"
"Rio Negro","1599.490692"
"Rio Negro","1602.89"
"Rio Negro","1612.00"
"Rio Negro","1617.797898"
"Rio Negro","1620.00"
"Rio Negro","1622.44"
"Rio Negro","1628.41"
"Rio Negro","1634.00"
"Rio Negro","1640.05"
"Rio Negro","1643.00"
"Rio Negro","1646.35"
"Rio Negro","1646.52"
"Rio Negro","1649.25"
"Rio Negro","1663.18"
"Rio Negro","1674.23"
"Rio Negro","1686.722687"
"Rio Negro","1695.07"
"Rio Negro","1700.42"
"Rio Negro","1705.00"
"Rio Negro","1710.00"
"Rio Negro","1726.489535"
"Rio Negro","1743.73"
"Rio Negro","1744.53"
"Rio Negro","1752.75"
"Rio Negro","1764.63"
"Rio Negro","1767.00"
"Rio Negro","1770.00"
"Rio Negro","1780.17"
"Rio Negro","1827.50"
"Rio Negro","1829.00"
"Rio Negro","1841.71"
"Rio Negro","1874.25"
"Rio Negro","1890.00"
"Rio Negro","1920.67"
"Rio Negro","1947.75"
"Rio Negro","2004.482684"
"Rio Negro","2015.00"
"Rio Negro","2028.342001"
"Rio Negro","2085.33"
"Rio Negro","2116.801097"
"Rio Negro","2225.987822"
"Rio Negro","2308.993831"
"Rio Negro","2516.015555"
"Rio Negro","2734.746419"
"Rio Negro","3290.46"
"Rio Negro","3678.35"
"Mendoza","0.013031"
"Mendoza","0.019394"
"Mendoza","0.021120"
"Mendoza","0.045773"
"Mendoza","2.588432"
"Mendoza","8.235673"
"Mendoza","9.954472"
"Mendoza","11.17172"
"Mendoza","13.66255"
"Mendoza","13.88306"
"Mendoza","15.4"
"Mendoza","22.62308"
"Mendoza","22.65515"
"Mendoza","28.60687"
"Mendoza","29.12602"
"Mendoza","33.20625"
"Mendoza","33.44596"
"Mendoza","33.69883"
"Mendoza","34.89"
"Mendoza","35.66"
"Mendoza","39.97613"
"Mendoza","42.17124"
"Mendoza","43.09477"
"Mendoza","59.60683"
"Mendoza","63.60"
"Mendoza","68.27648"
"Mendoza","68.51471"
"Mendoza","68.61000"
"Mendoza","69.04144"
"Mendoza","74.54256"
"Mendoza","96.43704"
"Mendoza","98.67567"
"Mendoza","109.05"
"Mendoza","111.49"
"Mendoza","114.3752"
"Mendoza","114.55"
"Mendoza","117.19"
"Mendoza","120.83"
"Mendoza","121.07"
"Mendoza","121.1977"
"Mendoza","133.8870"
"Mendoza","146.4017"
"Mendoza","147.9109"
"Mendoza","151.1540"
"Mendoza","155.3681"
"Mendoza","155.4957"
"Mendoza","155.5800"
"Mendoza","165.4377"
"Mendoza","168.1473"
"Mendoza","176.0537"
"Mendoza","191.11"
"Mendoza","204.29"
"Mendoza","241.55"
"Mendoza","288.4567"
"Mendoza","310.05"
"Mendoza","581.3"
"Mendoza","728.73"
"Mendoza","1075.62"
"Mendoza","1198.04"
"Mendoza","1229.59"
"Mendoza","1235.29"
"Mendoza","1263.62"
"Mendoza","1266.85"
"Mendoza","1282.08"
"Mendoza","1287.51"
"Mendoza","1311.37"
"Mendoza","1315.68"
"Mendoza","1348.03"
"Mendoza","1699.94"
"Mendoza","1990.6"
"Mendoza","2077.63"
"Chubut","9.62"
"Chubut","11.9"
"Chubut","12"
"Chubut","15.71"
"Chubut","17.4"
"Chubut","18.5"
"Chubut","19.07"
"Chubut","20.55"
"Chubut","28.71953"
"Chubut","29.39480"
"Chubut","30.54679"
"Chubut","31.01455"
"Chubut","33.50739"
"Chubut","36.87766"
"Chubut","39.50288"
"Chubut","41.16277"
"Chubut","50.51086"
